StartDate,EndDate,Status,IPAddress,Progress,Duration (in seconds),Finished,RecordedDate,ResponseId,LocationLatitude,LocationLongitude,Authenticate,Market/Function,Feedback Selection,Feedback A-H,Feedback I - P,Feedback Q - Z,Q17,Q18,Q19,Q20,Q21,Q22,Q23,Q24,Q25,Q26,Q27,Q28,Q29,Q30,Q31,Q32,Q3,Q4,Q5,Q6,Q7,Q8,Q16,Q9,Participant Email,Participant Name,Participant Unique Identifier,Last Metadata Update Timestamp
Start Date,End Date,Response Type,IP Address,Progress,Duration (in seconds),Finished,Recorded Date,Response ID,Location Latitude,Location Longitude,"Please provide your email address to help us identify track participation.
Don’t worry, your information and feedback will be kept anonymous and aggregated at the end of the pilot.",Please select your market or function.,Please select the first letter of the leader's last name.,I am providing feedback for:,I am providing feedback for:,I am providing feedback for:,Please select the first letter of the leader's last name.,I am providing feedback for:,I am providing feedback for:,I am providing feedback for:,Please select the first letter of the leader's last name.,I am providing feedback for:,I am providing feedback for:,I am providing feedback for:,Please select the first letter of the leader's last name.,I am providing feedback for:,I am providing feedback for:,I am providing feedback for:,Please select the first letter of the leader's last name.,I am providing feedback for:,I am providing feedback for:,I am providing feedback for:,This leader is effective at meeting their priorities and creating impact.,The Founders' Growth Mindset  habit that this leader best demonstrates is:,The Founders' Growth Mindset habit that this leader could continue to develop is:,This leader creates an environment where team members are encouraged to live the Founders' Growth Mindset habits on a daily basis.,"This leader enables learning by role modeling, training and coaching their teams.",What behaviors and/or actions could this leader start doing?,What behaviors and/or actions could this leader stop doing?,What behaviors and/or actions should this leader continue doing? (List one or two),Participant's Email Address,Participant's Full Name,Participant's Unique Identifier,Timestamp of last metadata update
"{""ImportId"":""startDate"",""timeZone"":""America/Denver""}","{""ImportId"":""endDate"",""timeZone"":""America/Denver""}","{""ImportId"":""status""}","{""ImportId"":""ipAddress""}","{""ImportId"":""progress""}","{""ImportId"":""duration""}","{""ImportId"":""finished""}","{""ImportId"":""recordedDate"",""timeZone"":""America/Denver""}","{""ImportId"":""_recordId""}","{""ImportId"":""locationLatitude""}","{""ImportId"":""locationLongitude""}","{""ImportId"":""QID1_TEXT""}","{""ImportId"":""QID14""}","{""ImportId"":""QID13""}","{""ImportId"":""QID10""}","{""ImportId"":""QID11""}","{""ImportId"":""QID12""}","{""ImportId"":""QID17""}","{""ImportId"":""QID18""}","{""ImportId"":""QID19""}","{""ImportId"":""QID20""}","{""ImportId"":""QID21""}","{""ImportId"":""QID22""}","{""ImportId"":""QID23""}","{""ImportId"":""QID24""}","{""ImportId"":""QID25""}","{""ImportId"":""QID26""}","{""ImportId"":""QID27""}","{""ImportId"":""QID28""}","{""ImportId"":""QID29""}","{""ImportId"":""QID30""}","{""ImportId"":""QID31""}","{""ImportId"":""QID32""}","{""ImportId"":""QID3""}","{""ImportId"":""QID4""}","{""ImportId"":""QID5""}","{""ImportId"":""QID6""}","{""ImportId"":""QID7""}","{""ImportId"":""QID8_TEXT""}","{""ImportId"":""QID16_TEXT""}","{""ImportId"":""QID9_TEXT""}","{""ImportId"":""Email""}","{""ImportId"":""Name""}","{""ImportId"":""UniqueIdentifier""}","{""ImportId"":""LastMetadataUpdateTimestamp"",""timeZone"":""UTC""}"
2020-05-31 23:10:51,2020-05-31 23:31:07,EX,115.133.193.241,100,1215,True,2020-05-31 23:31:07,R_OxuCgK0beYAem7n,3.0384063720703125,101.71051025390625,may.leng.lim@amway.com,HR,Q - Z,,,"Wong, Soo Wei (ZOE.WONG@AMWAY.COM)",,,,,,,,,,,,,,,,,Strongly Agree,Share Openly and Directly,Explore New Paths,Agree,Agree,Inspire employees and spend more time with employees,Limit exceptions because it will cause inconvenience to others or breach the company policy or legal compliances,Open and growth mindset,,,,
2020-05-31 23:41:34,2020-05-31 23:49:11,EX,205.252.237.97,100,456,True,2020-05-31 23:49:11,R_2wiwyXWAO1tCBEo,37.751007080078125,-97.82199859619140625,cecilia.huang@amway.com,China,,,,,,,,,I - P,,"Li, Helen (HELEN.HAO.LI@AMWAY.COM)",,,,,,,,,,Strongly Agree,"Think ""we before me""",Obsess over ABO Success,Strongly Agree,Strongly Agree,More detailed guidelines in terms of important project,No actions I can think of,1.Open Discussion and direct sharing; 2.Encouraging and positive working attitude,,,,
2020-05-31 23:54:02,2020-06-01 00:01:47,EX,167.23.125.13,100,465,True,2020-06-01 00:01:48,R_3WwbkIu0rt0VaVz,3.118896484375,101.674591064453125,abc@amway.com,HR,A - H,"Hanenburg, Stephen (STEPHEN.HANENBURG@AMWAY.COM)",,,,,,,,,,,,,,,,,,,Partially Agree,Pursue our Passions,"Think ""we before me""",Partially Agree,Partially Agree,abc,abc,abc,,,,
2020-05-31 23:56:33,2020-06-01 00:10:20,EX,61.50.118.58,100,827,True,2020-06-01 00:10:20,R_1oHZcLk5knNp7M2,39.928802490234375,116.388885498046875,shanshan.yan@amway.com,China,,,,,,,,,I - P,,"Peng, Paula (PAULA.PENG@AMWAY.COM)",,,,,,,,,,Strongly Agree,Share Openly and Directly,Share Openly and Directly,Strongly Agree,Strongly Agree,More opportunities of trial and error,none,collaboration of different department,,,,
2020-05-31 23:55:19,2020-06-01 00:14:52,EX,183.62.18.199,100,1173,True,2020-06-01 00:14:53,R_3NWWdfI5utahSOG,23.11669921875,113.25,swallow_yan@amway.com,China,,,,,,,,,A - H,"Cao, Charming (CHARMING.CAO@AMWAY.COM)",,,,,,,,,,,Agree,Explore New Paths,Pursue our Passions,Agree,Agree,Play the advantages of the physical presence according to the company's strategic.,No,Good sense on the combination of community activities offline and new product launches.,,,,
2020-06-01 00:14:30,2020-06-01 00:20:31,EX,167.23.125.13,100,360,True,2020-06-01 00:20:31,R_1l02fqjgfjkK4Ch,3.118896484375,101.674591064453125,daniel.lai@amway.com,HR,Q - Z,,,"Wong, Soo Wei (ZOE.WONG@AMWAY.COM)",,,,,,,,,,,,,,,,,Strongly Agree,Model Grit and Resilience,Pursue our Passions,Agree,Agree,Be mentors and coach for the juniors around her. She has wealth of experience that she can share and provide guidance to the more junior members and leaders. Become a sounding board to the weaker leaders around her.,None,Be a good listener to the leaders who clearly trust her,,,,
2020-06-01 00:08:17,2020-06-01 00:21:56,EX,205.252.237.97,100,819,True,2020-06-01 00:21:57,R_3GdJKiqi9MpO4Qy,37.751007080078125,-97.82199859619140625,juntz.pan@amway.com,China,,,,,,,,,Q - Z,,,"Zuo, Ben (BEN.ZUO@AMWAY.COM)",,,,,,,,,Strongly Agree,Share Openly and Directly,Explore New Paths,Strongly Agree,Strongly Agree,Training staff to have a leader mindset,None,Keep training team member with product and campaign strategy,,,,
2020-06-01 00:05:00,2020-06-01 00:31:45,EX,205.252.237.97,100,1605,True,2020-06-01 00:31:46,R_3s1FxWsWYR5J8Kz,37.751007080078125,-97.82199859619140625,ian.li@amway.com,China,,,,,,,,,I - P,,"Li, Helen (HELEN.HAO.LI@AMWAY.COM)",,,,,,,,,,Strongly Agree,Unleash our Inner Entrepreneur,Include,Strongly Agree,Strongly Agree,Try to accept different ideas and understand different mindset.,NA,Openly communicating with subordinate,,,,
2020-06-01 00:36:20,2020-06-01 00:49:01,EX,205.252.237.97,100,760,True,2020-06-01 00:49:02,R_2tbeEUELfh7nWY4,37.751007080078125,-97.82199859619140625,ariel.huang@amway.com,China,,,,,,,,,A - H,"Guan, Stella (STELLA_GUAN@AMWAY.COM)",,,,,,,,,,,Strongly Agree,Share Openly and Directly,Model Grit and Resilience,Strongly Agree,Strongly Agree,Take risks and view challenges as possibilities.,No action to stop.,"Challenge the status quo, experiment courageously and fail forward to succeed.",,,,
2020-05-31 23:42:38,2020-06-01 00:50:57,EX,205.252.237.97,100,4099,True,2020-06-01 00:50:57,R_1OPhDCKQyyoPTKj,37.751007080078125,-97.82199859619140625,vannita.xie@amway.com,China,,,,,,,,,A - H,"Ai, Super (SUPER_AI@AMWAY.COM)",,,,,,,,,,,Strongly Agree,Obsess over ABO Success,Unleash our Inner Entrepreneur,Strongly Agree,Strongly Agree,Conduct a mobilization meeting within department to better encourage team morale,None,"Growth mindset, continuously  encourage",,,,
2020-06-01 00:36:33,2020-06-01 00:52:15,EX,205.252.237.97,100,942,True,2020-06-01 00:52:15,R_2w0HfBiXTxIVlbB,37.751007080078125,-97.82199859619140625,rachel.tan@amway.com,China,,,,,,,,,A - H,"Guan, Stella (STELLA_GUAN@AMWAY.COM)",,,,,,,,,,,Strongly Agree,Share Openly and Directly,Obsess over ABO Success,Strongly Agree,Strongly Agree,"Like our founders, be curious and find new",Nothing.,"Explore New Paths:Challenge the status quo, experiment",,,,
2020-06-01 00:52:18,2020-06-01 00:59:42,EX,205.252.237.97,100,444,True,2020-06-01 00:59:43,R_1OCZsBagtmbsHCj,37.751007080078125,-97.82199859619140625,lily.ping.li@amway.cojm,China,,,,,,,,,I - P,,"Pei, Robert (ROBERT_PEI@AMWAY.COM)",,,,,,,,,,Strongly Agree,"Think ""we before me""",Unleash our Inner Entrepreneur,Strongly Agree,Strongly Agree,"Provide more trainings to team members ",na,na,,,,
2020-06-01 00:46:55,2020-06-01 01:02:13,EX,121.46.87.63,100,918,True,2020-06-01 01:02:13,R_zeaBP3aV4veEMmt,28.6331024169921875,77.220703125,sweta.priyadarshini@amway.com,HR,I - P,,"Lai, Daniel (DANIEL.LAI@AMWAY.COM)",,,,,,,,,,,,,,,,,,Strongly Agree,Share Openly and Directly,Unleash our Inner Entrepreneur,Strongly Agree,Agree,"I would not say ""start"" as it is already there however one behaviour wherein I feel he can give more thrust is devising the ways and forums wherein his team members contribute directly to ABO success.",Nothing coming to my mind.,"He is very direct, open and transparent in communication. This truly establishes trust in the team. Also, he is extremely approachable and available to guide his team whenever they need his support.",,,,
2020-06-01 00:52:07,2020-06-01 01:03:04,EX,205.252.237.97,100,656,True,2020-06-01 01:03:04,R_1et8svczQ45MEa4,37.751007080078125,-97.82199859619140625,hamish.chen@amway.com,China,,,,,,,,,I - P,,"Pei, Robert (ROBERT_PEI@AMWAY.COM)",,,,,,,,,,Strongly Agree,Share Openly and Directly,Share Openly and Directly,Strongly Agree,Strongly Agree,explore new paths,NA,share openly and directly & pursue our passions,,,,
2020-06-01 01:07:15,2020-06-01 01:16:49,EX,205.252.237.97,100,574,True,2020-06-01 01:16:49,R_21yw7DJI2ElylqK,37.751007080078125,-97.82199859619140625,mickey_huang@amway.com,China,,,,,,,,,A - H,"Ai, Super (SUPER_AI@AMWAY.COM)",,,,,,,,,,,Strongly Agree,Share Openly and Directly,Pursue our Passions,Strongly Agree,Strongly Agree,Go deep into QA opearation,No.,Share information openly,,,,
2020-06-01 00:26:03,2020-06-01 01:44:03,EX,205.252.237.97,100,4679,True,2020-06-01 01:44:04,R_30bHcAvCpHhwvdB,37.751007080078125,-97.82199859619140625,chris.ting.chen@amway.com,China,,,,,,,,,Q - Z,,,"Zuo, Ben (BEN.ZUO@AMWAY.COM)",,,,,,,,,Strongly Agree,Amplify the Customer Experience,Unleash our Inner Entrepreneur,Strongly Agree,Strongly Agree,Start to help young people growing up to the leader or/and expert and pay attention to cultivate talents.,Nothing need to stop.,"Continue being open minded, creative, and delicated.",,,,
2020-06-01 01:43:38,2020-06-01 01:58:57,EX,205.252.237.97,100,919,True,2020-06-01 01:58:57,R_vOhIHvQULHCk557,37.751007080078125,-97.82199859619140625,kam.gan@amway.com,HR,I - P,,"Liang, Vivian (VIVIAN.LIANG@AMWAY.COM)",,,,,,,,,,,,,,,,,,Agree,Model Grit and Resilience,Share Openly and Directly,Agree,Agree,"I think she should have more frequent communication with downline about enterprise's new approaches and what is doing by others. ",Nothing.,1. Keep passion about the job. 2. Deeply understand business needs.,,,,
2020-06-01 01:50:59,2020-06-01 02:02:56,EX,205.252.237.97,100,716,True,2020-06-01 02:02:57,R_eXP4ltcKmt0iALL,37.751007080078125,-97.82199859619140625,sunny.li@amway.com,China,,,,,,,,,Q - Z,,,"Zheng, Shelly (SHELLY_ZHENG@AMWAY.COM)",,,,,,,,,Strongly Agree,Share Openly and Directly,Explore New Paths,Agree,Agree,1、及时传达、解读公司战略；2、及时且经常分享优秀案例；3、组建年轻项目团队；4、积极培养员工第二增长曲线,暂无,1、继续鼓励员工发展第二增长曲线；2、广泛引入优秀分享资源,,,,
2020-06-01 00:35:38,2020-06-01 02:05:34,EX,205.252.237.97,100,5395,True,2020-06-01 02:05:34,R_D0PnTzekyfqP9Ul,37.751007080078125,-97.82199859619140625,migo.li@amway.com,China,,,,,,,,,Q - Z,,,"Yao, Sylvia (SYLVIA.YAO@AMWAY.COM)",,,,,,,,,Strongly Agree,Share Openly and Directly,Unleash our Inner Entrepreneur,Strongly Agree,Strongly Agree,no idea yet,none,"1, Provide good suggestions for the future growth planning of team staffs; 2, Continuous efforts to achieve the company's goals ",,,,
2020-06-01 01:46:03,2020-06-01 02:11:39,EX,205.252.237.97,100,1535,True,2020-06-01 02:11:40,R_2WZJG4zpPzsYpWZ,37.751007080078125,-97.82199859619140625,cheng.luo@amway.com,China,,,,,,,,,Q - Z,,,"Wu, Polo (POLO.WU@AMWAY.COM)",,,,,,,,,Strongly Agree,Share Openly and Directly,Model Grit and Resilience,Strongly Agree,Strongly Agree,One on One personal bi-week meeting to understand needs of team member,N/A,Encourage team member to take risks and view challenges as possibilities,,,,
2020-06-01 02:04:12,2020-06-01 02:16:49,EX,115.133.193.241,100,757,True,2020-06-01 02:16:50,R_2upJiUAzxEvuwTJ,3.0384063720703125,101.71051025390625,may.leng.lim@amway.com,HR,I - P,,"Klosowski, Michal (MICHAL.KLOSOWSKI@AMWAY.COM)",,,,,,,,,,,,,,,,,,Agree,Share Openly and Directly,Obsess over ABO Success,Agree,Agree,Practice the Founder's Growth Mindset,Nothing at this moment,Build trust,,,,
2020-06-01 02:04:59,2020-06-01 02:26:06,EX,205.252.237.97,100,1266,True,2020-06-01 02:26:06,R_3DqOn4ngfSpJC9Z,37.751007080078125,-97.82199859619140625,sunny.li@amway.com,China,,,,,,,,,Q - Z,,,"Zheng, Shelly (SHELLY_ZHENG@AMWAY.COM)",,,,,,,,,Agree,Share Openly and Directly,Explore New Paths,Agree,Agree,Pursue diverse experiences and perspectives,Grasp project details,1、Encourage employees to move up the second growth curve;2、Share good cases;3、Introduce training resources,,,,
2020-06-01 02:12:21,2020-06-01 02:28:45,EX,61.50.118.58,100,983,True,2020-06-01 02:28:46,R_6hZFC3bzPP01utr,39.928802490234375,116.388885498046875,jane.zheng@amway.com,China,,,,,,,,,I - P,,"Peng, Paula (PAULA.PENG@AMWAY.COM)",,,,,,,,,,Strongly Agree,Share Openly and Directly,Explore New Paths,Strongly Agree,Strongly Agree,none,none,"be professional, be enthusiastic",,,,
2020-06-01 02:07:06,2020-06-01 02:45:00,EX,205.252.237.97,100,2274,True,2020-06-01 02:45:00,R_3lRo4m9GQYkaDst,37.751007080078125,-97.82199859619140625,Michael_Wu@amway.com,China,,,,,,,,,Q - Z,,,"Zheng, Shelly (SHELLY_ZHENG@AMWAY.COM)",,,,,,,,,Strongly Agree,Share Openly and Directly,Explore New Paths,Strongly Agree,Strongly Agree,Pilot innovative work,No,1、Business Side Core  2、Advocate for all staff to learn new skills,,,,
2020-06-01 02:39:47,2020-06-01 02:46:38,EX,205.252.237.97,100,410,True,2020-06-01 02:46:39,R_QomQrSsuI3EPc2Z,37.751007080078125,-97.82199859619140625,evans.chen@amway.com,China,,,,,,,,,Q - Z,,,"Wu, Polo (POLO.WU@AMWAY.COM)",,,,,,,,,Strongly Agree,Share Openly and Directly,Unleash our Inner Entrepreneur,Strongly Agree,Strongly Agree,"help us deal with devops issues ","Report daily work ","OKR Module ",,,,
2020-06-01 02:05:27,2020-06-01 02:48:08,EX,205.252.237.97,100,2561,True,2020-06-01 02:48:09,R_3Oqz5idNXIPXBmi,37.751007080078125,-97.82199859619140625,rochelle.zhou@amway.com,China,,,,,,,,,Q - Z,,,"Wen, Carl (CARL_WEN@AMWAY.COM)",,,,,,,,,Agree,Share Openly and Directly,"Think ""we before me""",Agree,Agree,"Regular team meeting to review the working progress, to give more pratical instruction on logistic issues.",Calling down lines in weekend to discuss some thing not urgent,"Listening to the voice from down lines. Giving positive supports. ",,,,
2020-06-01 02:21:10,2020-06-01 02:51:46,EX,167.23.71.21,100,1836,True,2020-06-01 02:51:46,R_2c6jqM3dVQKOkV9,1.2928924560546875,103.854705810546875,loc.tran.tan@amway.com,HR,I - P,,"Le Thi Kim, Hoa (HOA.LE.THI.KIM@AMWAY.COM)",,,,,,,,,,,,,,,,,,Strongly Agree,Share Openly and Directly,Include,Agree,Agree,"#NA",nothing,opening and sharing,,,,
2020-05-31 21:10:41,2020-06-01 02:56:14,EX,205.252.237.97,100,20733,True,2020-06-01 02:56:15,R_22zCmxbdsPDqLGU,37.751007080078125,-97.82199859619140625,judy.zhu@amway.com,HR,I - P,,"Liang, Vivian (VIVIAN.LIANG@AMWAY.COM)",,,,,,,,,,,,,,,,,,Strongly Agree,Share Openly and Directly,Obsess over ABO Success,Strongly Agree,Strongly Agree,"more regular experience sharing between teamates to get team insights/ideas ",none,continuous feedback and in-time coaching,,,,
2020-06-01 03:06:18,2020-06-01 03:13:45,EX,195.133.241.32,100,446,True,2020-06-01 03:13:45,R_e2Mr6PjKuzcgXtv,55.4651031494140625,37.689697265625,olga_leonova@amway.com,HR,Q - Z,,,"Rudkovskaya, Marina (MARINA_RUDKOVSKAYA@AMWAY.COM)",,,,,,,,,,,,,,,,,Strongly Agree,"Think ""we before me""",,Strongly Agree,Strongly Agree,"Marina is a role model and she effectively demonstrates all the bahaviors alligned with our corporate culture. She is ideal that is why I do not have anithing to propose in this answer. ",Marina is a role model and she effectively demonstrates all the bahaviors alligned with our corporate culture. She is ideal that is why I do not have anithing to propose in this answer.,"Lead with hart is the base in all Marina's work, so she has to continue doing this. She also strongly demonstrates D&I behaviorl. ",,,,
2020-06-01 02:28:21,2020-06-01 03:25:05,EX,205.252.237.97,100,3404,True,2020-06-01 03:25:06,R_2cuu4dpvTB0YRQn,37.751007080078125,-97.82199859619140625,wade.feng@amway.com,China,,,,,,,,,Q - Z,,,"Yao, Sylvia (SYLVIA.YAO@AMWAY.COM)",,,,,,,,,Strongly Agree,Include,Explore New Paths,Strongly Agree,Strongly Agree,N/A,N/A,1. create friendly environment that diverse opinions can be expressed; 2. explore new path to spark team members' potential.,,,,
2020-06-01 02:49:04,2020-06-01 03:25:34,EX,180.169.138.65,100,2189,True,2020-06-01 03:25:34,R_tVQqQlibNSLfFdL,31.0449066162109375,121.401214599609375,jennifer.zhu@amway.com,China,,,,,,,,,Q - Z,,,"Wen, Carl (CARL_WEN@AMWAY.COM)",,,,,,,,,Strongly Agree,Explore New Paths,Pursue our Passions,Agree,Agree,Better communication with staff.,stop direct criticizing staff. Shall more focus on communication and sharing ideas.,Exploring new paths and share opinions or experience with staff.,,,,
2020-06-01 00:35:01,2020-06-01 03:47:44,EX,205.252.237.97,100,11563,True,2020-06-01 03:47:45,R_3qVu11YF1fyO4sJ,37.751007080078125,-97.82199859619140625,fion.li@amway.com,China,,,,,,,,,A - H,"Guan, Stella (STELLA_GUAN@AMWAY.COM)",,,,,,,,,,,Strongly Agree,Share Openly and Directly,Share Openly and Directly,Strongly Agree,Strongly Agree,To spark potential in herselves and others. Of course she is currently doing a good job in this respect and i aslo hope she can continuous play to this strength.,I have no idea about this.,"First, be candid, listen intently and respond. Secondly, learn everything about our ABOs and keep them at the center of everything we do..",,,,
2020-06-01 02:44:06,2020-06-01 03:49:11,EX,180.169.138.70,100,3904,True,2020-06-01 03:49:11,R_UuUU7byxc5SEjSh,31.0449066162109375,121.401214599609375,helen.han@amway.com,China,,,,,,,,,Q - Z,,,"Wen, Carl (CARL_WEN@AMWAY.COM)",,,,,,,,,Strongly Agree,Explore New Paths,Pursue our Passions,Strongly Agree,Agree,Start improving communiction skills with employees. Employees needs enough inspiration and encouragement in a timely fashion.,Stop criticizing employees in public.,"Continue exploring new paths. ",,,,
2020-06-01 03:47:21,2020-06-01 04:03:06,EX,61.30.92.60,100,945,True,2020-06-01 04:03:06,R_11Yn5CMzAgFxQPO,25.0478057861328125,121.53179931640625,emmy_liu@amway.com,HR,A - H,"Hu, Daphne (DAPHNE_HU@AMWAY.COM)",,,,,,,,,,,,,,,,,,,Agree,Share Openly and Directly,Explore New Paths,Agree,Agree,To accept more innovative ideas from employees.,Don't care too much about environmental details.,share openly,,,,
2020-06-01 04:01:31,2020-06-01 04:19:40,EX,61.63.28.220,100,1089,True,2020-06-01 04:19:41,R_2En43FQi6Vzhs59,25.0478057861328125,121.53179931640625,carol_ho@amway.com,HR,A - H,"Hu, Daphne (DAPHNE_HU@AMWAY.COM)",,,,,,,,,,,,,,,,,,,Agree,Share Openly and Directly,Explore New Paths,Agree,Agree,"accept our creative idea ",following rules,listening staff's comment and open mind,,,,
2020-06-01 06:09:12,2020-06-01 06:20:09,EX,31.173.84.130,100,657,True,2020-06-01 06:20:09,R_zcfGvGpiPhaWGyt,55.7527008056640625,37.6172027587890625,marina_rudkovskaya@amway.com,HR,A - H,"Benzler, Nicole  (NICOLE_BENZLER@AMWAY.COM)",,,,,,,,,,,,,,,,,,,Strongly Agree,Share Openly and Directly,Unleash our Inner Entrepreneur,Strongly Agree,Agree,unleash inner entrepreneur,do not see any actions of this kind,"share openly and directly, think we before me, include",,,,
2020-06-01 06:26:41,2020-06-01 06:40:57,EX,210.21.29.118,100,856,True,2020-06-01 06:40:58,R_21Gm6945NJqooHL,23.11669921875,113.25,stone.zhang@amway.com,China,,,,,,,,,A - H,"Ai, Super (SUPER_AI@AMWAY.COM)",,,,,,,,,,,Agree,Share Openly and Directly,Model Grit and Resilience,Agree,Strongly Agree,Take risks and view challenge as possibilities,n/a,Keep sharing openly and directly,,,,
2020-06-01 09:26:32,2020-06-01 10:01:45,EX,167.23.24.101,100,2113,True,2020-06-01 10:01:46,R_ysxEHFx5RNHSCC5,42.95849609375,-85.478302001953125,renee.spitler@amway.com,HR,I - P,,"Masternak, Jason (JASON.MASTERNAK@AMWAY.COM)",,,,,,,,,,,,,,,,,,Agree,Share Openly and Directly,Obsess over ABO Success,Agree,Strongly Agree,I observe positive behaviors that model company values,??,inclusion of cross functional partners to execute against division goals and objectives,,,,
2020-06-01 11:42:20,2020-06-01 11:44:36,EX,167.23.24.101,100,135,True,2020-06-01 11:44:36,R_3JIeDxuD8lex4NW,42.95849609375,-85.478302001953125,shirin.becker@amway.com,HR,A - H,"Belote, Kari (KARI_BELOTE@AMWAY.COM)",,,,,,,,,,,,,,,,,,,Strongly Agree,Include,,Agree,Agree,keep doing what you are doing,nothing I can think of,"keep sharing and being inclusive, pitching in where needed and being a positive force on the team",,,,
2020-06-01 12:22:59,2020-06-01 12:33:03,EX,167.23.240.20,100,603,True,2020-06-01 12:33:03,R_2wv2gM0qIwlgAZl,42.9282073974609375,-85.54730224609375,Tava_Johnson@amway.com,HR,I - P,,"Mattrick, Darrell (DARRELL.MATTICK1@AMWAY.COM)",,,,,,,,,,,,,,,,,,Strongly Agree,Explore New Paths,Amplify the Customer Experience,Strongly Agree,Strongly Agree,Working with us in each of our jobs to learn the aspects of each positon,Sometimes you think so much of others and forget about yourself.  Take care of you to.,Continue doing what you do.  You do a great job,,,,
2020-06-01 12:34:14,2020-06-01 12:39:46,EX,167.23.240.20,100,332,True,2020-06-01 12:39:47,R_2QthH2rs6xHEaKU,42.9282073974609375,-85.54730224609375,judy.markosky@amway.com,HR,I - P,,"Mattrick, Darrell (DARRELL.MATTICK1@AMWAY.COM)",,,,,,,,,,,,,,,,,,Agree,Amplify the Customer Experience,Explore New Paths,Agree,Agree,training for staff,doing well at this time,listening to staff,,,,
2020-06-01 13:39:46,2020-06-01 13:45:11,EX,103.254.24.243,100,325,True,2020-06-01 13:45:11,R_1Pcnpjx9Kpk0zpL,-33.7548065185546875,150.982086181640625,kevin.lowe@amway.com,HR,A - H,"Boshell, Lynne (LYNNE.BOSHELL@AMWAY.COM)",,,,,,,,,,,,,,,,,,,Agree,Include,Obsess over ABO Success,Agree,Strongly Agree,Start promoting the drivers of ABO success,"Stop activities that do not add to the growth mindset ",Celebrating employee success,,,,
2020-06-01 13:23:47,2020-06-01 13:49:03,EX,167.23.240.20,100,1516,True,2020-06-01 13:49:03,R_2SGNSVJqYvK27au,42.9282073974609375,-85.54730224609375,Cheryl.Koster@amway.com,HR,I - P,,"Mattrick, Darrell (DARRELL.MATTICK1@AMWAY.COM)",,,,,,,,,,,,,,,,,,Strongly Agree,Explore New Paths,Amplify the Customer Experience,Strongly Agree,Strongly Agree,continue on the same path. Working well,Nothing. He's a great leader.,"being fair,honest, and   Treats everyone the same and with respect",,,,
2020-06-01 13:13:18,2020-06-01 14:03:19,EX,47.35.121.177,100,3001,True,2020-06-01 14:03:20,R_1ief5Je1wJULMe6,45.35760498046875,-84.9087982177734375,melissa.hundey@amway.com,Amway North America,,,,,,,,,,,,,,,,,I - P,,"Mougalian, Gary (GARY.MOUGALIAN@AMWAY.COM)",,Partially Agree,Model Grit and Resilience,Share Openly and Directly,Partially Agree,Partially Agree,"Start communcating with the entire team.  At times it feels like information is intentially held back.  If part of the team is on a different page - ask WHY.  And explain why you are not. Also consider an Agenda for the daily calls to make these more productive.   ","Stop takig credit for your teams work - let the team shine.  When Alicia had to prep your slides for the n* sales  it was disheartening - those were her sales to share.  Taking that away was un needed.   Please promote the team to the higher ups yet let the team shine to those around them.    ","Fast decision making is appreciated.  Thank you for helping us move quickly through this crazy time.  ",,,,
2020-06-01 12:53:19,2020-06-01 14:50:21,EX,65.115.126.107,100,7022,True,2020-06-01 14:50:22,R_W35nB86y8qnCvZL,33.8791046142578125,-117.9821014404296875,kaci.paulsen@amway.com,HR,I - P,,"Mattrick, Darrell (DARRELL.MATTICK1@AMWAY.COM)",,,,,,,,,,,,,,,,,,Strongly Agree,Share Openly and Directly,Explore New Paths,Strongly Agree,Strongly Agree,Due to current event...Look for different approach to better service our customers.,"Currently, I have nothing to add to this question.","1) Communicate openly and directly       ",,,,
2020-06-01 17:29:17,2020-06-01 17:36:22,EX,74.82.246.229,100,425,True,2020-06-01 17:36:23,R_1hR1ADHYI1twqUU,47.1416015625,-119.289398193359375,stephanie.grohs@amway.com,HR,Q - Z,,,"Savin, Jennifer (JENNIFER.SAVIN@AMWAY.COM)",,,,,,,,,,,,,,,,,Strongly Agree,"Think ""we before me""",Obsess over ABO Success,Strongly Agree,Strongly Agree,visit remote sites,n/a,"the great support of teammates, listens and responds appropriately",,,,
2020-06-01 18:50:11,2020-06-01 19:39:10,EX,167.23.125.13,100,2939,True,2020-06-01 19:39:11,R_3h0bbfwjKNUArON,3.118896484375,101.674591064453125,vasudha.shenoy@amway.com,HR,I - P,,"Lim, May Leng (MAY.LENG.LIM@AMWAY.COM)",,,,,,,,,,,,,,,,,,Agree,Amplify the Customer Experience,Unleash our Inner Entrepreneur,Strongly Agree,Strongly Agree,More opportunity for cross-functional team building (HR),NIL,"Mentoring/Coaching, Positively Influencing, Empowering",,,,
2020-06-01 19:07:06,2020-06-01 19:48:16,EX,61.30.92.60,100,2470,True,2020-06-01 19:48:17,R_0ANfwSVdZatRjDb,25.0478057861328125,121.53179931640625,Kenny_Chen@amway.com,HR,A - H,"Hu, Daphne (DAPHNE_HU@AMWAY.COM)",,,,,,,,,,,,,,,,,,,Agree,Model Grit and Resilience,Pursue our Passions,Partially Agree,Partially Agree,More encourage and inspire colleagues,None,Share openly and directly,,,,
2020-06-01 03:38:59,2020-06-01 20:16:49,EX,205.252.237.97,100,59869,True,2020-06-01 20:16:50,R_3e9RZFvw5R5MoEe,37.751007080078125,-97.82199859619140625,Steven.lu@amway.com,China,,,,,,,,,A - H,"Chen, Shirley (YANCHI_CHEN@AMWAY.COM)",,,,,,,,,,,Strongly Agree,Share Openly and Directly,Unleash our Inner Entrepreneur,Strongly Agree,Strongly Agree,Conduct monthly performance coaching,Criticizing employees too much,Lead everyone to continue to learn and grow,,,,
2020-06-01 20:10:24,2020-06-01 20:22:13,EX,167.23.125.13,100,708,True,2020-06-01 20:22:13,R_vufT4KoqUw1Z4xX,3.118896484375,101.674591064453125,jeng.yang.tan@amway.com,HR,Q - Z,,,"Wong, Soo Wei (ZOE.WONG@AMWAY.COM)",,,,,,,,,,,,,,,,,Strongly Agree,Model Grit and Resilience,Obsess over ABO Success,Strongly Agree,Strongly Agree,All good,"All good ",Flexible Work Arrangement,,,,
2020-06-01 07:20:23,2020-06-01 20:30:41,EX,205.252.237.97,100,47417,True,2020-06-01 20:30:41,R_3NP2kZWTKbhijGU,37.751007080078125,-97.82199859619140625,MAY.SY.WANG@AMWAY.COM,China,,,,,,,,,A - H,"Chen, Shirley (YANCHI_CHEN@AMWAY.COM)",,,,,,,,,,,Strongly Agree,Model Grit and Resilience,Unleash our Inner Entrepreneur,Strongly Agree,Strongly Agree,"Different cultural environments ",consideration 、Include,"Learning, growth, exploration and innovation ",,,,
2020-06-01 18:12:47,2020-06-01 20:49:07,EX,219.137.11.146,100,9380,True,2020-06-01 20:49:08,R_39vuCALkRyNS8AV,23.11669921875,113.25,ANTHONY.ZENG@AMWAY.COM,China,,,,,,,,,I - P,,"Li, Ken (KEN.LI@AMWAY.COM)",,,,,,,,,,Strongly Agree,Amplify the Customer Experience,Include,Strongly Agree,Strongly Agree,Promote agile working methodology to more stakeholders to facilitate efficiency.,N/A,"1.Build up strong partnership with internal and external stakeholders to promote working efficiency.  2.Encourage to cultivate creative ways or solutions to catch business oppotunity, lead and facilitate change management to make sure others understanding.",,,,
2020-05-31 22:03:53,2020-06-01 21:00:54,EX,49.181.189.40,100,82621,True,2020-06-01 21:00:55,R_vjfZkNbmerjJ2et,-33.8639068603515625,150.960601806640625,antonia.krunes@amway.com,HR,A - H,"Belote, Kari (KARI_BELOTE@AMWAY.COM)",,,,,,,,,,,,,,,,,,,Strongly Agree,Share Openly and Directly,Pursue our Passions,Strongly Agree,Strongly Agree,"Encourage risk taking and trialling ",In times trying to apply a one size fits all approach,"Open communication, involving the appropriate stakeholders, bridging communication gaps",,,,
2020-06-01 20:27:24,2020-06-01 21:06:47,EX,205.252.237.97,100,2362,True,2020-06-01 21:06:47,R_VL5eUHAD9RDqXIt,37.751007080078125,-97.82199859619140625,chris.kuang@amway.com,China,,,,,,,,,A - H,"Chen, Michel (MICHEL_CHEN@AMWAY.COM)",,,,,,,,,,,Partially Agree,Model Grit and Resilience,Share Openly and Directly,Partially Agree,Partially Agree,Disseminate growth mindset with team members,Just shout slogans,"Arrange the trainings of growth mindset with team members, precisely define the goal for short and long term",,,,
2020-06-01 20:57:07,2020-06-01 21:07:30,EX,180.169.138.64,100,623,True,2020-06-01 21:07:30,R_2QQXDUAQypxX3VQ,31.0449066162109375,121.401214599609375,coco.han@amway.com,China,,,,,,,,,A - H,"Cao, Charming (CHARMING.CAO@AMWAY.COM)",,,,,,,,,,,Agree,Pursue our Passions,Amplify the Customer Experience,Agree,Agree,He wants to deal with every problom quickly.and passionate to do things.,He will make repeated requests for every task.,"He wants to learn some new skills,and coordinate with company strategy to make plans.",,,,
2020-06-01 21:34:21,2020-06-01 21:40:11,EX,205.252.237.97,100,349,True,2020-06-01 21:40:12,R_28Pd9oIAyXaKEpA,37.751007080078125,-97.82199859619140625,rosa.li@amway.com,HR,A - H,"Huo, Erin (ERIN_HUO@AMWAY.COM)",,,,,,,,,,,,,,,,,,,Strongly Agree,Share Openly and Directly,Obsess over ABO Success,Strongly Agree,Strongly Agree,No,No,"1, Erin did very well in sharing openly, it wouold be great to keep doing it. 2, Erin is quick in decision, pls keep doing it.",,,,
2020-06-01 21:25:20,2020-06-01 21:56:29,EX,205.252.237.97,100,1868,True,2020-06-01 21:56:29,R_1M4nsyFz9Drf0ul,37.751007080078125,-97.82199859619140625,candy.zheng@amway.com,China,,,,,,,,,A - H,"Guan, Stella (STELLA_GUAN@AMWAY.COM)",,,,,,,,,,,Strongly Agree,Obsess over ABO Success,Explore New Paths,Strongly Agree,Strongly Agree,"Deep  thinking,face the problem",No,1.share openly and directly  2.motivate the team,,,,
2020-06-01 20:48:09,2020-06-01 21:59:23,EX,205.252.237.97,100,4273,True,2020-06-01 21:59:23,R_30d8Ays4b2KjB74,37.751007080078125,-97.82199859619140625,keen.kong@amway.com,China,,,,,,,,,Q - Z,,,"Yang, Neal (NEAL.YANG@AMWAY.COM)",,,,,,,,,Strongly Agree,"Think ""we before me""",Explore New Paths,Strongly Agree,Strongly Agree,"Reorganize the team to adapt the new OP model. ",None,Encourage the morale of the team.,,,,
2020-06-01 19:58:44,2020-06-01 21:59:39,EX,205.252.237.97,100,7254,True,2020-06-01 21:59:39,R_3RkGo8jskGJhh5s,37.751007080078125,-97.82199859619140625,jowvid.li@amway.com,China,,,,,,,,,I - P,,"Pei, Robert (ROBERT_PEI@AMWAY.COM)",,,,,,,,,,Agree,Obsess over ABO Success,Explore New Paths,Strongly Agree,Strongly Agree,Communication and listening everyone's voice that include users and team members and others. Provide more learning resource and make the team growth Leader brings us the new technology to improve the performance of jobs and achieve innovation and agile.,"Reckless action will be stopped. The growth mindset is achieving success. And new technology and new tools will be imported to help us success. Leader gives us more scientific decision and thinking. ","To continue learning and use the new technology, for sample, we are learning new IT technology and use/testing the new technology in the daily jobs. In processing, Leader allows us mistakes and continues improvement.",,,,
2020-06-01 21:38:32,2020-06-01 22:20:37,EX,205.252.237.97,100,2525,True,2020-06-01 22:20:38,R_UWOLDzgoiWFpRHH,37.751007080078125,-97.82199859619140625,janice.huang@amway.com,China,,,,,,,,,Q - Z,,,"Yang, Neal (NEAL.YANG@AMWAY.COM)",,,,,,,,,Strongly Agree,Obsess over ABO Success,Explore New Paths,Strongly Agree,Strongly Agree,Hold the OKR to build the ojective to grow and push ABO success,non,1. Chase the OKR result and keep coaching; 2. Enable new skill to staff,,,,
2020-06-01 20:46:27,2020-06-01 22:36:49,EX,205.252.237.97,100,6622,True,2020-06-01 22:36:50,R_1mx8GUUoANNmNP6,37.751007080078125,-97.82199859619140625,Gerald.Fang@Amway.com,China,,,,,,,,,Q - Z,,,"Zhang, Panny (PANNY.ZHANG@AMWAY.COM)",,,,,,,,,Strongly Agree,Explore New Paths,Model Grit and Resilience,Strongly Agree,Agree,Focus on  tax risk of ACEC .,Stop withholding tax of AA.,Continue to the training of Tax Officials.,,,,
2020-06-01 20:42:45,2020-06-01 22:41:45,EX,222.247.55.2,100,7139,True,2020-06-01 22:41:46,R_RhiKvfW8dy3p4B3,28.1782989501953125,113.1116943359375,gloria_xia@amway.com,China,,,,,,,,,Q - Z,,,"Wu, Sophia (SOPHIA_WU@AMWAY.COM)",,,,,,,,,Strongly Agree,Share Openly and Directly,Obsess over ABO Success,Strongly Agree,Strongly Agree,Interating the resources of various departments,nothing,Tapping into more  ABOs' successful experiences  in social commerce,,,,
2020-06-01 22:40:53,2020-06-01 22:45:35,EX,167.23.125.13,100,281,True,2020-06-01 22:45:35,R_1jkW8hsFoODBz5z,3.118896484375,101.674591064453125,vishnu.k@amway.com,HR,A - H,"Gooi, Boon Har (GOOI.BOON.HAR@AMWAY.COM)",,,,,,,,,,,,,,,,,,,Strongly Agree,"Think ""we before me""",Explore New Paths,Strongly Agree,Strongly Agree,Listening rather than reacting,"Interfere the conversation even before another person complete the sentence ",Always think as a team and very high intergity and self determination,,,,
2020-06-01 23:39:46,2020-06-02 00:40:50,EX,205.252.237.97,100,3664,True,2020-06-02 00:40:51,R_xz39vLWVeYTPFyV,37.751007080078125,-97.82199859619140625,nora.jiang@amway.com,China,,,,,,,,,A - H,"Guan, Stella (STELLA_GUAN@AMWAY.COM)",,,,,,,,,,,Agree,Share Openly and Directly,"Think ""we before me""",Agree,Agree,Give more care and encouage to junior staff.,Nothing.,Share openly and directly.,,,,
2020-06-02 00:19:02,2020-06-02 00:50:14,EX,205.252.237.97,100,1872,True,2020-06-02 00:50:15,R_22yT5hwX7M6ldgL,37.751007080078125,-97.82199859619140625,shoon.zhang@amway.com,China,,,,,,,,,Q - Z,,,"Tang, Yan (YAN.Y.TANG@AMWAY.COM)",,,,,,,,,Partially Agree,"Think ""we before me""",Obsess over ABO Success,Agree,Partially Agree,Pre-research the overall situation before deep dive into business or solutions,Stop being involved in technical solution redesign,repartition the highlevel business meeting from tech members,,,,
2020-06-01 18:50:16,2020-06-02 00:53:11,EX,167.23.125.13,100,21775,True,2020-06-02 00:53:12,R_2CdKIkz69lrwEbK,3.118896484375,101.674591064453125,daniel.lai@amway.com,HR,A - H,"Benzler, Nicole  (NICOLE_BENZLER@AMWAY.COM)",,,,,,,,,,,,,,,,,,,Strongly Agree,Share Openly and Directly,Explore New Paths,Agree,Partially Agree,None,None,Continue to be transparent and open with her team. To also continue to get her team involve in higher strategic work.,,,,
2020-06-02 00:46:38,2020-06-02 00:53:23,EX,205.252.237.97,100,404,True,2020-06-02 00:53:23,R_1NrImxiVluWjuet,37.751007080078125,-97.82199859619140625,chris.lei@amway.com,HR,A - H,"Huo, Erin (ERIN_HUO@AMWAY.COM)",,,,,,,,,,,,,,,,,,,Strongly Agree,Share Openly and Directly,Obsess over ABO Success,Agree,Agree,fd,hjg,fdwerts,,,,
2020-06-02 00:29:49,2020-06-02 00:59:29,EX,205.252.237.97,100,1779,True,2020-06-02 00:59:29,R_QgAOfXf1iwK4pu9,37.751007080078125,-97.82199859619140625,catherine.wan@amway.com,HR,Q - Z,,,"Wu, Cecilia (CECILIA_WU@AMWAY.COM)",,,,,,,,,,,,,,,,,Agree,"Think ""we before me""",Explore New Paths,Agree,Agree,Common Growth; Love to Learn,Nothing,Love to Learn,,,,
2020-05-31 23:14:04,2020-06-02 01:06:14,EX,205.252.237.97,100,93129,True,2020-06-02 01:06:14,R_2TB4Y8k3s6sQpV8,37.751007080078125,-97.82199859619140625,tinny.zhou@amway.com,China,,,,,,,,,Q - Z,,,"Zuo, Ben (BEN.ZUO@AMWAY.COM)",,,,,,,,,Agree,Amplify the Customer Experience,Include,Agree,Agree,offer different opportunities for staffs to handle different job contents,come to conlusion after understand the full picture,1. Share top managements' guidline or comments with staff and let them better understand company's direction,,,,
2020-06-01 03:28:46,2020-06-02 01:11:35,EX,205.252.237.97,100,78169,True,2020-06-02 01:11:35,R_2xS1urhPHkzTSRr,37.751007080078125,-97.82199859619140625,cecilia_wu@amway.com,HR,A - H,"Huo, Erin (ERIN_HUO@AMWAY.COM)",,,,,,,,,,,,,,,,,,,Agree,"Think ""we before me""",Model Grit and Resilience,Agree,Agree,Share more experience in the team,Nothing,"Keep good comunitcation with HRBP, understand HRBP needs and provide solutions.",,,,
2020-06-02 01:10:40,2020-06-02 01:26:41,EX,195.133.241.32,100,961,True,2020-06-02 01:26:42,R_12sYmKVX3dQzgaq,55.4651031494140625,37.689697265625,olga_leonova@amway.com,HR,Q - Z,,,"Shibanova, Elizaveta (ELIZAVETA_SHIBANOVA@AMWAY.COM)",,,,,,,,,,,,,,,,,Strongly Agree,Explore New Paths,,Strongly Agree,Agree,"Elizaveta is a strong leader who demonstrates positive attitude and strong professionalism, however I see her owerloaded, may be she should delegating more ","I have no answer ","Think we before I: Sharing her practice, esteblishing trustfull athmosphere in the team, I see her support and understanding every day, she is a leader who is always ready to help. ",,,,
2020-06-02 00:28:58,2020-06-02 01:26:53,EX,205.252.237.97,100,3474,True,2020-06-02 01:26:53,R_1OuGr4UzY6ycl04,37.751007080078125,-97.82199859619140625,cnu0748s@amway.com,China,,,,,,,,,Q - Z,,,"Tang, Yan (YAN.Y.TANG@AMWAY.COM)",,,,,,,,,Strongly Agree,Explore New Paths,Obsess over ABO Success,Agree,Agree,No comment,No comment,join communication between departments or teams if when it is necessary.,,,,
2020-06-02 00:27:23,2020-06-02 01:57:43,EX,205.252.237.97,100,5419,True,2020-06-02 01:57:43,R_0Ht5UAoiDHE8cj7,37.751007080078125,-97.82199859619140625,carmen.li@amway.com,HR,I - P,,"Li, Rebecca (REBECCA.LI@AMWAY.COM)",,,,,,,,,,,,,,,,,,Agree,Amplify the Customer Experience,Model Grit and Resilience,Agree,Agree,Decision Making：Maybe less effective at integrating information and requirements to make timely and effective decisions,None,Share Openly and Directly;Drivers. Has detailed plans for reaching goals.,,,,
2020-06-01 21:25:14,2020-06-02 02:01:00,EX,205.252.237.97,100,16545,True,2020-06-02 02:01:00,R_Y5PcAB7yg1VvDTb,37.751007080078125,-97.82199859619140625,keyman.lu@amway.com,China,,,,,,,,,Q - Z,,,"Yang, Neal (NEAL.YANG@AMWAY.COM)",,,,,,,,,Strongly Agree,Obsess over ABO Success,Include,Strongly Agree,Strongly Agree,"Get to know more about our business scenario, see if there is any opportunity to improve our ABO experience. ",none,"1,keep studying on the trend of market , not only for Amway market but also the whole business environment, to see if there is any opportunity for I&O. 2,Continue to pursue  new technology to see if there is any chance to enhance our ABO experiences.  ",,,,
2020-06-02 02:04:45,2020-06-02 02:14:18,EX,205.252.237.97,100,573,True,2020-06-02 02:14:18,R_YYny97rdgJYkI7f,37.751007080078125,-97.82199859619140625,david_wang@amway.com,China,,,,,,,,,A - H,"Chen, Shirley (YANCHI_CHEN@AMWAY.COM)",,,,,,,,,,,Strongly Agree,Explore New Paths,Pursue our Passions,Strongly Agree,Strongly Agree,Adjust different cultural and thinking,Include、Consideration,Exploration、growth 、 learning 、encourage  and innovation,,,,
2020-06-02 01:16:15,2020-06-02 02:15:30,EX,205.252.237.97,100,3555,True,2020-06-02 02:15:31,R_3EGfjAr3AG6A7zB,37.751007080078125,-97.82199859619140625,spring.hui.wang@amway.com,China,,,,,,,,,I - P,,"Ou, Esther (ESTHER_OU@AMWAY.COM)",,,,,,,,,,Agree,Obsess over ABO Success,Explore New Paths,Partially Agree,Agree,"Staff -Self development ",obstinacy sometimes in decision making,Encourage the team to make progress together,,,,
2020-06-02 02:18:46,2020-06-02 02:32:56,EX,205.252.237.97,100,849,True,2020-06-02 02:32:56,R_33yvOviUZxR8AuT,37.751007080078125,-97.82199859619140625,alex.wu@amway.com,China,,,,,,,,,Q - Z,,,"Zuo, Ben (BEN.ZUO@AMWAY.COM)",,,,,,,,,Strongly Agree,Obsess over ABO Success,Model Grit and Resilience,Agree,Agree,Learn fast and meet the environment of social e-commerce.,Nothing.,Learn everything about ABOs and help them success,,,,
2020-06-02 01:00:27,2020-06-02 02:35:12,EX,205.252.237.97,100,5685,True,2020-06-02 02:35:13,R_2UXy9f0CXujln90,37.751007080078125,-97.82199859619140625,frankie.huang@amway.com,China,,,,,,,,,Q - Z,,,"Tang, Yan (YAN.Y.TANG@AMWAY.COM)",,,,,,,,,Strongly Agree,Explore New Paths,Obsess over ABO Success,Agree,Strongly Agree,No comments,No comments,"Facilitate local data warehouse migration to the better platform, such as the cloud",,,,
2020-06-02 02:29:08,2020-06-02 02:42:35,EX,61.95.172.227,100,806,True,2020-06-02 02:42:35,R_2YJw7mFcfsvwZWb,12.97210693359375,77.593292236328125,prakash.n@amway.com,India,,,,,,,,,,,,,A - H,"Dasgupta, Rajeev Ranjit (Rajeev.Dasgupta@amway.com)",,,,,,,Agree,"Think ""we before me""",Explore New Paths,Partially Agree,Partially Agree,He could concentrate on developing the leadership qualities of managers and create a conducive environment for nurturing the skills. He should still take a deep interest on career growth and vision of manufacturing people,"He is known to be obviously biased towards certain individuals which he shall stop doing. ","He is extremely good in being transparent and creating trust. He also seeks and accepts the feedbacks/suggestions for improvement, but seldom does he implement them ;)",,,,
2020-06-02 01:34:13,2020-06-02 02:42:52,EX,205.252.237.97,100,4118,True,2020-06-02 02:42:52,R_ZJmXnTC5OpV7XlT,37.751007080078125,-97.82199859619140625,Ivy_wu@amway.com,China,,,,,,,,,Q - Z,,,"Wen, Carl (CARL_WEN@AMWAY.COM)",,,,,,,,,Strongly Agree,"Think ""we before me""",Amplify the Customer Experience,Agree,Agree,"By regular team meeting, focus on each staff work performance, and give feedback to them on time. ","Enhance the planning of meetings, try to reduce the unscheduled meetings.",Enhance team horizontal communication and optimize teamwork; Increase sales plan training within our team ( get timely understanding of the details of company's new initiatives).,,,,
2020-06-02 02:26:08,2020-06-02 02:44:27,EX,36.106.107.0,100,1098,True,2020-06-02 02:44:28,R_2uVBVBpDG3KOGCB,39.142303466796875,117.172607421875,ann.sheng@amway.com,China,,,,,,,,,Q - Z,,,"Zheng, Shelly (SHELLY_ZHENG@AMWAY.COM)",,,,,,,,,Strongly Agree,"Think ""we before me""",Explore New Paths,Strongly Agree,Agree,I think she should start holding regular worshops on growth thinking.,Nothing,1、Encourage employee to learn information from all sources; 2、Share the successful cases of local branches,,,,
2020-06-01 21:45:51,2020-06-02 02:46:53,EX,167.23.71.16,100,18062,True,2020-06-02 02:46:54,R_3nd6Px8nz3aOdmm,1.2928924560546875,103.854705810546875,vnm074nk@amway.com,HR,I - P,,"Le Thi Kim, Hoa (HOA.LE.THI.KIM@AMWAY.COM)",,,,,,,,,,,,,,,,,,Strongly Agree,Share Openly and Directly,Unleash our Inner Entrepreneur,Agree,Strongly Agree,Energizing,None,Inclusive/care/train/coach,,,,
2020-06-02 00:49:41,2020-06-02 02:51:20,EX,205.252.237.97,100,7299,True,2020-06-02 02:51:21,R_1HisdiD2a9ZRhCP,37.751007080078125,-97.82199859619140625,fantasy.huang@amway.com,HR,Q - Z,,,"Wu, Cecilia (CECILIA_WU@AMWAY.COM)",,,,,,,,,,,,,,,,,Strongly Agree,"Think ""we before me""",Model Grit and Resilience,Strongly Agree,Strongly Agree,"take risks and view challenges ",none,"sharing with others, believe in people",,,,
2020-06-02 02:40:12,2020-06-02 02:51:25,EX,61.50.118.58,100,673,True,2020-06-02 02:51:26,R_1OlTVuSjwUNsSxV,39.928802490234375,116.388885498046875,sunny.yang@amway.com,China,,,,,,,,,A - H,"Guo, Johnson (JOHNSON_GUO@AMWAY.COM)",,,,,,,,,,,Strongly Agree,Explore New Paths,Model Grit and Resilience,Strongly Agree,Agree,Strengthen Amway brand,attending too many meetings,"social content creation and communications ",,,,
2020-06-02 02:44:36,2020-06-02 02:52:39,EX,112.133.236.202,100,482,True,2020-06-02 02:52:39,R_1gwJoOst0u6EZKP,11.00750732421875,76.96710205078125,rajesh.kumar@amway.com,India,,,,,,,,,,,,,A - H,"Dasgupta, Rajeev Ranjit (Rajeev.Dasgupta@amway.com)",,,,,,,Agree,Share Openly and Directly,Unleash our Inner Entrepreneur,Agree,Strongly Agree,"1. Taking lead on manufacturing related activities in Pan India level, 70-80% of work are happening at plant. But the projects are mostly lead by people from HO or some other markets. ","Rajeev has to move to asking mode instead of telling to his team, this will makes the team to be more independent. ","Standard practice in plant for all employees regardless of hierarchy and should continue to be a trainer for plant in various topics. ",,,,
2020-06-02 01:28:01,2020-06-02 03:02:36,EX,205.252.237.97,100,5674,True,2020-06-02 03:02:36,R_4OZfBk8TjPgU6pH,37.751007080078125,-97.82199859619140625,matt.liu@amway.com,China,,,,,,,,,A - H,"Chen, Michel (MICHEL_CHEN@AMWAY.COM)",,,,,,,,,,,Strongly Agree,Share Openly and Directly,Pursue our Passions,Strongly Agree,Strongly Agree," Have a good rest, exercise regularly and keep healthy",Go too far into the technical details of the task and believe that the technicians can handle it well,Explore New Paths and continue to share with us,,,,
2020-06-02 00:31:35,2020-06-02 03:11:54,EX,61.50.118.58,100,9619,True,2020-06-02 03:11:54,R_2EBmiF2mPABqJeh,39.928802490234375,116.388885498046875,jessie.chang@amway.com,HR,Q - Z,,,"Wu, Cecilia (CECILIA_WU@AMWAY.COM)",,,,,,,,,,,,,,,,,Agree,Share Openly and Directly,Share Openly and Directly,Strongly Agree,Agree,Simple and effective communication,Nothing,continuous learning and self-inprovement,,,,
2020-06-02 03:04:30,2020-06-02 03:14:39,EX,195.133.241.32,100,609,True,2020-06-02 03:14:40,R_1odotsZ1UIxK396,55.4651031494140625,37.689697265625,irina_budagova@amway.com,HR,Q - Z,,,"Rudkovskaya, Marina (MARINA_RUDKOVSKAYA@AMWAY.COM)",,,,,,,,,,,,,,,,,Strongly Agree,"Think ""we before me""",Unleash our Inner Entrepreneur,Strongly Agree,Strongly Agree,I don't know,I don't know,all behaviors and actions this leader should continue doing,,,,
2020-06-02 02:39:39,2020-06-02 03:14:55,EX,103.212.156.195,100,2116,True,2020-06-02 03:14:56,R_3iRqGWaelCZjNGf,28.6331024169921875,77.220703125,kanika.raizada@amway.com,India,,,,,,,,,,,,,A - H,"Gupta, Mohit (Mohit.Gupta@Amway.com)",,,,,,,Strongly Agree,"Think ""we before me""",Explore New Paths,Strongly Agree,Strongly Agree,Transparency Within the Team,NA,"Being Supportive and motivational ",,,,
2020-06-02 03:17:31,2020-06-02 03:20:23,EX,195.133.241.32,100,172,True,2020-06-02 03:20:24,R_1DUs9Viom0ZXVzY,55.4651031494140625,37.689697265625,irina_budagova@amway.com,HR,Q - Z,,,"Shibanova, Elizaveta (ELIZAVETA_SHIBANOVA@AMWAY.COM)",,,,,,,,,,,,,,,,,Agree,Share Openly and Directly,"Think ""we before me""",Partially Agree,Partially Agree,I don't know,I don't know,I don't know,,,,
2020-06-02 03:02:48,2020-06-02 03:32:31,EX,205.252.237.97,100,1783,True,2020-06-02 03:32:32,R_2S6KcG2UBisZeVI,37.751007080078125,-97.82199859619140625,susan.wu@amway.com,China,,,,,,,,,A - H,"Ding, Bruce (BRUCE_DING@AMWAY.COM)",,,,,,,,,,,Strongly Agree,Pursue our Passions,Include,Agree,Agree,provide a well-communicated and clear direction,announce update/changes without well communicate,encourage teammates to learn,,,,
2020-06-02 03:28:22,2020-06-02 03:38:14,EX,61.95.172.227,100,592,True,2020-06-02 03:38:15,R_2tthpj5BJ9ha2sI,12.97210693359375,77.593292236328125,lakshmi.sridhar@amway.com,India,,,,,,,,,,,,,A - H,"Gupta, Mohit (Mohit.Gupta@Amway.com)",,,,,,,Strongly Agree,"Think ""we before me""",Explore New Paths,Strongly Agree,Strongly Agree,Increase his circle of influence,"Learn to say No, if required",Working in collaboration,,,,
2020-06-02 03:36:27,2020-06-02 03:57:36,EX,61.95.172.227,100,1268,True,2020-06-02 03:57:37,R_pReV7dUev66CoZr,12.97210693359375,77.593292236328125,sudhakar.a@amway.com,India,,,,,,,,,,,,,I - P,,"Kumar, Rajesh (rajesh.kumar@amway.com)",,,,,,Strongly Agree,"Think ""we before me""",Include,Agree,Agree,Start to give Appreciation individually,"To stop giving confidence & support on any person with fully knowing that individuial, ","Great Manager wirth Leadeship skills , to be continued",,,,
2020-06-02 03:48:00,2020-06-02 04:07:56,EX,157.46.97.147,100,1195,True,2020-06-02 04:07:56,R_3EIEeK3oWgDuYHn,13.08599853515625,80.27508544921875,naveenan.b@amway.com,India,,,,,,,,,,,,,I - P,,"Kumar, Rajesh (rajesh.kumar@amway.com)",,,,,,Agree,Pursue our Passions,"Think ""we before me""",Partially Agree,Partially Agree,"Team Motivation, Encouraging learning Habits and Caring of Employees",No comments,Motivate Others and Punctual in All aspects,,,,
2020-06-02 03:51:05,2020-06-02 04:09:14,EX,122.173.63.131,100,1089,True,2020-06-02 04:09:14,R_Z2WuFS0NTUxpBOV,30.68170166015625,76.720611572265625,sudesh.sahu@amway.com,India,,,,,,,,,,,,,I - P,,"Kumar, Rajesh (rajesh.kumar@amway.com)",,,,,,Strongly Agree,Share Openly and Directly,Pursue our Passions,Agree,Strongly Agree,"setup review with process owners for checking their pursue for passion ",I didnt notice anything till now .,Continue challenge the status quo for current QMS .Share with the team the different ways for overcoming challenges /roadblock .,,,,
2020-06-02 04:39:28,2020-06-02 04:46:46,EX,83.4.136.52,100,438,True,2020-06-02 04:46:47,R_1Dx8utFhYVfuB0m,50.0222930908203125,20.00689697265625,michal.klosowski@amway.com,HR,A - H,"Bilski, Ireneusz (IRENEUSZ.BILSKI@AMWAY.COM)",,,,,,,,,,,,,,,,,,,Agree,Share Openly and Directly,Explore New Paths,Agree,Partially Agree,"Be consistent in implementing actions that were agreed to be done, and then keep the right focus / energy on keeping them running","Being involved in every single detail that makes the process bottleneck ",Continue to be human and guide himself and others by using common sense,,,,
2020-06-02 05:13:23,2020-06-02 05:35:05,EX,68.36.244.182,100,1302,True,2020-06-02 05:35:06,R_3nATehcgi9YP3uW,42.9282073974609375,-85.54730224609375,tabdoo@amway.com,Amway North America,,,,,,,,,,,,,,,,,A - H,"Hart, Brian (BRIAN.HART@AMWAY.COM)",,,Agree,Amplify the Customer Experience,"Think ""we before me""",Agree,Strongly Agree,"Enable your teams and support functions to bring expertise on solutions in your area.  ",Make decisions that impact other functions while not including those functions in the decision making process.  Appear to have all of the answers and does not rely on support functions at times or teams to arrive at answers.,"Focus on progress, inspiring others on your team and organization, look for ways to always improve",,,,
2020-06-02 04:26:00,2020-06-02 05:55:46,EX,61.95.172.227,100,5385,True,2020-06-02 05:55:46,R_3JaTKvSykrZhAOi,12.97210693359375,77.593292236328125,mohd.zeeshan@amway.com,India,,,,,,,,,,,,,Q - Z,,,"Relan, Nikhil (Nikhil.Relan@Amway.com)",,,,,Strongly Agree,Share Openly and Directly,Obsess over ABO Success,Strongly Agree,Strongly Agree,Increase personal interaction and a better comfort level,Try not to be so formal and loosen up a bit,"Inspire better performance and development, Immaculate guidance and mentorship",,,,
2020-06-02 04:39:56,2020-06-02 06:05:27,EX,185.128.158.41,100,5130,True,2020-06-02 06:05:27,R_1n8YD9swi0igU3T,50.0749053955078125,19.952301025390625,Leonardo.Araya@amway.com,HR,I - P,,"Klosowski, Michal (MICHAL.KLOSOWSKI@AMWAY.COM)",,,,,,,,,,,,,,,,,,Partially Agree,Amplify the Customer Experience,Pursue our Passions,Agree,Agree,"Better comprehension of the challenges and priorities of the teams before take decisions and understand that Team Leads also requires development ","Launch initiatives during times with high workload, people can not be focused on everything ","Recurring One to One sessions, Respect Team Leaders area of work and knowledge ",,,,
2020-06-02 06:06:44,2020-06-02 06:16:23,EX,106.198.14.90,100,579,True,2020-06-02 06:16:24,R_2rSzujwhwClW5kM,11.00750732421875,76.96710205078125,indrajam@amway.com,India,,,,,,,,,,,,,I - P,,"Kumar, Rajesh (rajesh.kumar@amway.com)",,,,,,Strongly Agree,"Think ""we before me""",Pursue our Passions,Strongly Agree,Strongly Agree,Nothing specific,Nothing specific,Inspiring others,,,,
2020-06-02 07:00:39,2020-06-02 07:08:06,EX,37.47.85.56,100,446,True,2020-06-02 07:08:07,R_2XcvWhbzNOZCOag,50.0565032958984375,19.98150634765625,ewelina.kucyniak@amway.com,HR,I - P,,"Klosowski, Michal (MICHAL.KLOSOWSKI@AMWAY.COM)",,,,,,,,,,,,,,,,,,Strongly Agree,Explore New Paths,Obsess over ABO Success,Strongly Agree,Strongly Agree,N/A,N/A,"open discussion, direct, looking for new paths, collaboration, learning, development ",,,,
2020-06-02 06:59:05,2020-06-02 07:08:11,EX,167.23.240.20,100,545,True,2020-06-02 07:08:11,R_VLx0B4NsjBQIV6p,42.95849609375,-85.478302001953125,Valerie.David@Amway.com,HR,I - P,,"Mattrick, Darrell (DARRELL.MATTICK1@AMWAY.COM)",,,,,,,,,,,,,,,,,,Strongly Agree,Amplify the Customer Experience,Obsess over ABO Success,Strongly Agree,Strongly Agree,"Verbally recognize my efforts more.  This is a stretch for me because overall, he's doing a great job. ","I'm very satisfied, so this is difficult.  I can't think of anything I want him to stop doing.  ","Strong communication skills, shows respect and fairness for each team member.",,,,
2020-06-01 11:27:41,2020-06-02 07:11:07,EX,167.23.24.101,100,71005,True,2020-06-02 07:11:07,R_11ivuhDzXVF9PRV,42.95849609375,-85.478302001953125,robin.flax@amway.com,HR,A - H,"Araya, Leonardo (LEONARDO.ARAYA@AMWAY.COM)",,,,,,,,,,,,,,,,,,,Strongly Agree,"Think ""we before me""",Unleash our Inner Entrepreneur,Strongly Agree,Strongly Agree,I don't have enough contact to make a valid comment about what he needs to start doing,I don't have enough contact to comment on what Leo should stop doing,"Continue to deliver on time adn to expectations ",,,,
2020-06-02 07:11:26,2020-06-02 07:15:40,EX,167.23.24.101,100,253,True,2020-06-02 07:15:40,R_1mQtit74I61s5zJ,42.95849609375,-85.478302001953125,Dawn_Carbines@amway.com,Amway North America,,,,,,,,,,,,,,,,,I - P,,"Mougalian, Gary (GARY.MOUGALIAN@AMWAY.COM)",,Agree,Share Openly and Directly,Unleash our Inner Entrepreneur,Agree,Strongly Agree,No known development areas at this time.,No known development areas at this time.,Gary is an inclusive leader (approachable and accepting).  These are great qualities that he should continue doing.,,,,
2020-06-02 06:58:13,2020-06-02 07:16:18,EX,68.48.158.223,100,1085,True,2020-06-02 07:16:19,R_4IPlsheju88DNTj,42.8704071044921875,-85.6681976318359375,sonya.atkins@amway.com,HR,A - H,"Belote, Kari (KARI_BELOTE@AMWAY.COM)",,,,,,,,,,,,,,,,,,,Strongly Agree,Share Openly and Directly,Unleash our Inner Entrepreneur,Strongly Agree,Strongly Agree,"Kari could start influencing stakeholders to align priorities for the team. ",Kari could stop letting conflicting priorities disorganize the overall Culture Change Management strategy.,Kari should continue to empower her employees to develop and grow and continue to lead with heart. She is very good at both.,,,,
2020-06-02 07:29:45,2020-06-02 07:32:59,EX,167.23.24.101,100,193,True,2020-06-02 07:32:59,R_dnvtKcJC8K56FH3,42.95849609375,-85.478302001953125,Dawn.Carbines@amway.com,Amway North America,,,,,,,,,,,,,,,,,Q - Z,,,"Tague, Linsey (LINSEY.TAGUE@AMWAY.COM)",Strongly Agree,Amplify the Customer Experience,Unleash our Inner Entrepreneur,Strongly Agree,Strongly Agree,No known development areas at this time.,No known development areas at this time.,Linsey is additionally great at sharing information openly and including her downlines.  It is especially appreciated.,,,,
2020-06-02 07:04:52,2020-06-02 07:44:38,EX,167.23.240.18,100,2386,True,2020-06-02 07:44:39,R_2YSyIu2Khozw3tR,42.9282073974609375,-85.54730224609375,krishna.yarra@amway.com,Amway North America,,,,,,,,,,,,,,,,,I - P,,"Kraai, Aaron (AARON.KRAAI@AMWAY.COM)",,Agree,Pursue our Passions,Explore New Paths,Strongly Agree,Agree,"Take more desicions at leadership level on driving the projects and Target dates. ","Continue supporting the team on decisions that are made for different Projects ","continue to drive teams with new initiatives ",,,,
2020-06-02 07:30:42,2020-06-02 07:48:20,EX,167.23.24.101,100,1058,True,2020-06-02 07:48:21,R_0SVm8YQ0xJUySPL,42.95849609375,-85.478302001953125,michael.poole@amway.com,Amway North America,,,,,,,,,,,,,,,,,I - P,,"Kraai, Aaron (AARON.KRAAI@AMWAY.COM)",,Agree,"Think ""we before me""",,Strongly Agree,Strongly Agree,Plan on 15 minutes over for 1:1 so that team mate does not feel rushed or sandwiched in. Hard when the leader is so over scheduled themselves.,nothing springs to mind,open direct communication and we rather than me. Does both really well.,,,,
2020-06-02 07:41:23,2020-06-02 08:08:16,EX,157.49.163.142,100,1612,True,2020-06-02 08:08:16,R_3m3sulUZRI9V7j1,12.97210693359375,77.593292236328125,vijayakumar.d.koshti@amway.com,India,,,,,,,,,,,,,A - H,"Chakravarty, Biswajit (Biswajit.Chakravarty@Amway.com)",,,,,,,Strongly Agree,Share Openly and Directly,Include,Agree,Strongly Agree,"    internal conflict and sloutions",faverisum,"1) Apriciation,2) solution to probleme and guide",,,,
2020-06-02 08:35:26,2020-06-02 08:45:05,EX,68.43.140.32,100,578,True,2020-06-02 08:45:05,R_337KllWJEZL3hnx,42.3695068359375,-83.476898193359375,john.kloosterman@amway.com,Amway North America,,,,,,,,,,,,,,,,,I - P,,"Mougalian, Gary (GARY.MOUGALIAN@AMWAY.COM)",,Strongly Agree,Amplify the Customer Experience,Unleash our Inner Entrepreneur,Strongly Agree,Strongly Agree,"Gary is a fantastic leader who is finally in the right role. He has brought so much knowledge and energy to this team and his mentoring is the most in depth I have ever received. I don't really have a specific""Start"" for him because everything he is doing is new right now. ","Again, being new to this role, Gary is bringing so much knowledge and leadership to the party that the team needs that I would not recommend he stop anything yet. As time plays out there may be things that are not as effective but in this transition, more is better. ",Communication - Gary has daily huddles and is alwyas sharing things he learns from his upline. I feel informed and well versed in what is happening at the comapny and the division as well as where we plan to go in the future. He has a great way of being very detailed without being overbearing and preachy. I appreciate his communication style greatly. Mentoring is a another thing that Gary does really well. He has vast knowledge boith in and out of Amway and is alwyas willing to share and teach. I have been in may positions in my career and I am still amazed at how much I can learn from him.,,,,
2020-06-02 08:52:34,2020-06-02 08:58:33,EX,167.23.240.18,100,359,True,2020-06-02 08:58:33,R_3HCDGYzIZ2gvnrA,42.9282073974609375,-85.54730224609375,chris.parcheta@amway.com,Amway North America,,,,,,,,,,,,,,,,,I - P,,"Kraai, Aaron (AARON.KRAAI@AMWAY.COM)",,Agree,Include,Obsess over ABO Success,Agree,Agree,Solidify with team members direction of the corporation as it pertains to ABO businesses (ANA changes),None come to mind,"Being open & available. Very team focused. ",,,,
2020-06-01 11:46:54,2020-06-02 09:07:38,EX,68.55.255.94,100,76844,True,2020-06-02 09:07:39,R_2z5WMPjRFWlFedj,41.9604034423828125,-85.6407012939453125,matt.ledford@amway.com,HR,I - P,,"Masternak, Jason (JASON.MASTERNAK@AMWAY.COM)",,,,,,,,,,,,,,,,,,Strongly Agree,"Think ""we before me""",Obsess over ABO Success,Agree,Agree,work some on pursuing our passions,na,explore new paths and include,,,,
2020-06-02 09:04:48,2020-06-02 09:08:24,EX,167.23.240.19,100,215,True,2020-06-02 09:08:25,R_2ePugIBk0fTCds8,42.95849609375,-85.478302001953125,kassandra.erickson@amway.com,Amway North America,,,,,,,,,,,,,,,,,I - P,,"Kraai, Aaron (AARON.KRAAI@AMWAY.COM)",,Agree,Pursue our Passions,Obsess over ABO Success,Strongly Agree,Strongly Agree,Challenging things that hinder our success,N/A,Rallying around ideas from the team and supporting/driving them,,,,
2020-06-02 09:08:39,2020-06-02 09:16:38,EX,73.145.4.118,100,479,True,2020-06-02 09:16:38,R_3gXYUU7Vo29uH5e,42.965606689453125,-85.65000152587890625,tsturgeon@amway.com,Amway North America,,,,,,,,,,,,,,,,,I - P,,"Mougalian, Gary (GARY.MOUGALIAN@AMWAY.COM)",,Strongly Agree,Amplify the Customer Experience,Explore New Paths,Strongly Agree,Strongly Agree,Delegating a bit more,N/A,Leading with confidence and trusting his team,,,,
