{
	"94002": [
		"5707",
		"1029",
		"0",
		"0",
		"2261",
		"1366",
		"0",
		"399",
		"46",
		"0",
		"33",
		"132",
		"0",
		"76"
	],
	"94005": [
		"1337",
		"40",
		"0",
		"32",
		"548",
		"364",
		"0",
		"76",
		"0",
		"0",
		"0",
		"18",
		"29",
		"131"
	],
	"94010": [
		"9461",
		"912",
		"0",
		"0",
		"5171",
		"1142",
		"0",
		"649",
		"490",
		"0",
		"177",
		"318",
		"99",
		"152"
	],
	"94014": [
		"24924",
		"43",
		"0",
		"41",
		"8318",
		"14535",
		"51",
		"173",
		"76",
		"3",
		"273",
		"8",
		"84",
		"218"
	],
	"94015": [
		"37962",
		"1137",
		"219",
		"0",
		"9809",
		"21893",
		"105",
		"496",
		"748",
		"28",
		"87",
		"71",
		"173",
		"732"
	],
	"94019": [
		"579",
		"74",
		"0",
		"0",
		"120",
		"166",
		"0",
		"71",
		"101",
		"0",
		"0",
		"0",
		"0",
		"15"
	],
	"94020": [
		"41",
		"9",
		"0",
		"0",
		"0",
		"0",
		"0",
		"24",
		"0",
		"0",
		"0",
		"0",
		"0",
		"8"
	],
	"94021": [
		"0",
		"0",
		"0",
		"0",
		"0",
		"0",
		"0",
		"0",
		"0",
		"0",
		"0",
		"0",
		"0",
		"0"
	],
	"94022": [
		"5092",
		"1045",
		"0",
		"0",
		"2323",
		"159",
		"0",
		"623",
		"358",
		"0",
		"13",
		"202",
		"13",
		"144"
	],
	"94024": [
		"5314",
		"857",
		"0",
		"0",
		"2603",
		"102",
		"0",
		"506",
		"457",
		"0",
		"8",
		"399",
		"18",
		"141"
	],
	"94025": [
		"4170",
		"676",
		"75",
		"0",
		"1549",
		"390",
		"0",
		"480",
		"581",
		"11",
		"8",
		"77",
		"37",
		"79"
	],
	"94027": [
		"742",
		"25",
		"0",
		"0",
		"377",
		"138",
		"0",
		"80",
		"0",
		"0",
		"0",
		"0",
		"0",
		"42"
	],
	"94028": [
		"348",
		"47",
		"0",
		"0",
		"152",
		"33",
		"0",
		"49",
		"0",
		"0",
		"0",
		"13",
		"0",
		"54"
	],
	"94030": [
		"9249",
		"263",
		"24",
		"20",
		"6588",
		"1136",
		"0",
		"281",
		"463",
		"0",
		"63",
		"61",
		"82",
		"24"
	],
	"94037": [
		"143",
		"0",
		"0",
		"0",
		"121",
		"0",
		"0",
		"12",
		"0",
		"0",
		"0",
		"0",
		"0",
		"10"
	],
	"94038": [
		"69",
		"10",
		"0",
		"0",
		"0",
		"41",
		"0",
		"18",
		"0",
		"0",
		"0",
		"0",
		"0",
		"0"
	],
	"94040": [
		"9481",
		"2959",
		"0",
		"84",
		"3546",
		"241",
		"0",
		"695",
		"865",
		"0",
		"71",
		"287",
		"10",
		"396"
	],
	"94041": [
		"3148",
		"991",
		"0",
		"0",
		"1260",
		"153",
		"0",
		"204",
		"199",
		"0",
		"0",
		"102",
		"14",
		"78"
	],
	"94043": [
		"7920",
		"1137",
		"0",
		"0",
		"3345",
		"1395",
		"0",
		"531",
		"548",
		"0",
		"151",
		"167",
		"29",
		"445"
	],
	"94044": [
		"7312",
		"101",
		"0",
		"0",
		"2354",
		"3489",
		"39",
		"405",
		"128",
		"163",
		"0",
		"62",
		"15",
		"300"
	],
	"94060": [
		"0",
		"0",
		"0",
		"0",
		"0",
		"0",
		"0",
		"0",
		"0",
		"0",
		"0",
		"0",
		"0",
		"0"
	],
	"94061": [
		"2916",
		"81",
		"0",
		"53",
		"1236",
		"832",
		"0",
		"217",
		"176",
		"27",
		"3",
		"10",
		"0",
		"101"
	],
	"94062": [
		"1791",
		"470",
		"0",
		"4",
		"390",
		"254",
		"0",
		"208",
		"129",
		"0",
		"51",
		"14",
		"5",
		"114"
	],
	"94063": [
		"1518",
		"323",
		"0",
		"7",
		"235",
		"521",
		"4",
		"76",
		"35",
		"0",
		"6",
		"0",
		"0",
		"211"
	],
	"94065": [
		"3947",
		"1096",
		"0",
		"0",
		"1847",
		"358",
		"0",
		"59",
		"103",
		"0",
		"0",
		"124",
		"0",
		"153"
	],
	"94066": [
		"10240",
		"840",
		"0",
		"0",
		"3504",
		"4089",
		"0",
		"440",
		"423",
		"0",
		"37",
		"69",
		"22",
		"306"
	],
	"94070": [
		"3455",
		"475",
		"0",
		"0",
		"1451",
		"421",
		"0",
		"265",
		"116",
		"0",
		"7",
		"72",
		"18",
		"347"
	],
	"94074": [
		"0",
		"0",
		"0",
		"0",
		"0",
		"0",
		"0",
		"0",
		"0",
		"0",
		"0",
		"0",
		"0",
		"0"
	],
	"94080": [
		"23710",
		"2012",
		"0",
		"0",
		"7107",
		"11598",
		"0",
		"528",
		"141",
		"0",
		"125",
		"59",
		"169",
		"761"
	],
	"94085": [
		"7731",
		"3436",
		"0",
		"15",
		"1652",
		"1554",
		"0",
		"229",
		"166",
		"0",
		"0",
		"108",
		"0",
		"395"
	],
	"94086": [
		"19046",
		"9054",
		"0",
		"25",
		"4936",
		"1535",
		"0",
		"830",
		"774",
		"50",
		"30",
		"249",
		"44",
		"931"
	],
	"94087": [
		"24507",
		"8510",
		"16",
		"10",
		"8856",
		"1285",
		"0",
		"1965",
		"1726",
		"13",
		"49",
		"344",
		"117",
		"959"
	],
	"94089": [
		"8687",
		"3055",
		"0",
		"0",
		"1520",
		"2955",
		"0",
		"32",
		"232",
		"0",
		"19",
		"31",
		"9",
		"583"
	],
	"94102": [
		"7509",
		"296",
		"0",
		"107",
		"2936",
		"2005",
		"19",
		"229",
		"378",
		"13",
		"0",
		"80",
		"113",
		"966"
	],
	"94103": [
		"6567",
		"232",
		"0",
		"0",
		"2713",
		"2617",
		"0",
		"65",
		"150",
		"7",
		"0",
		"70",
		"23",
		"491"
	],
	"94104": [
		"83",
		"0",
		"0",
		"0",
		"83",
		"0",
		"0",
		"0",
		"0",
		"0",
		"0",
		"0",
		"0",
		"0"
	],
	"94105": [
		"2287",
		"678",
		"0",
		"0",
		"686",
		"8",
		"0",
		"108",
		"142",
		"0",
		"0",
		"312",
		"0",
		"255"
	],
	"94107": [
		"7221",
		"1043",
		"0",
		"36",
		"3334",
		"1088",
		"0",
		"464",
		"610",
		"0",
		"27",
		"42",
		"122",
		"203"
	],
	"94108": [
		"8154",
		"172",
		"0",
		"0",
		"6447",
		"698",
		"0",
		"90",
		"208",
		"0",
		"15",
		"71",
		"36",
		"82"
	],
	"94109": [
		"15639",
		"1271",
		"49",
		"134",
		"7923",
		"1450",
		"0",
		"1442",
		"930",
		"76",
		"23",
		"270",
		"566",
		"629"
	],
	"94110": [
		"10009",
		"703",
		"6",
		"37",
		"4137",
		"3244",
		"0",
		"412",
		"435",
		"47",
		"38",
		"124",
		"329",
		"250"
	],
	"94111": [
		"1152",
		"83",
		"0",
		"0",
		"789",
		"38",
		"0",
		"88",
		"27",
		"0",
		"0",
		"21",
		"0",
		"64"
	],
	"94112": [
		"38942",
		"461",
		"0",
		"333",
		"25167",
		"9839",
		"0",
		"275",
		"93",
		"75",
		"341",
		"13",
		"104",
		"1303"
	],
	"94114": [
		"3031",
		"570",
		"0",
		"11",
		"1019",
		"703",
		"0",
		"280",
		"117",
		"24",
		"0",
		"62",
		"11",
		"162"
	],
	"94115": [
		"6839",
		"605",
		"0",
		"126",
		"2295",
		"725",
		"13",
		"789",
		"980",
		"0",
		"13",
		"121",
		"168",
		"460"
	],
	"94116": [
		"24025",
		"853",
		"0",
		"197",
		"17978",
		"1474",
		"2",
		"572",
		"475",
		"0",
		"61",
		"177",
		"22",
		"1099"
	],
	"94117": [
		"4402",
		"656",
		"0",
		"44",
		"1567",
		"552",
		"8",
		"393",
		"277",
		"51",
		"15",
		"131",
		"82",
		"401"
	],
	"94118": [
		"14699",
		"854",
		"0",
		"161",
		"8977",
		"916",
		"27",
		"1269",
		"915",
		"0",
		"110",
		"88",
		"53",
		"497"
	],
	"94121": [
		"17618",
		"248",
		"0",
		"37",
		"11798",
		"1072",
		"17",
		"1305",
		"815",
		"40",
		"32",
		"32",
		"65",
		"1440"
	],
	"94122": [
		"28676",
		"1099",
		"0",
		"90",
		"20264",
		"2101",
		"0",
		"1118",
		"853",
		"7",
		"0",
		"107",
		"207",
		"1613"
	],
	"94123": [
		"2847",
		"554",
		"0",
		"0",
		"1416",
		"331",
		"0",
		"204",
		"172",
		"0",
		"0",
		"28",
		"10",
		"80"
	],
	"94124": [
		"9812",
		"30",
		"16",
		"218",
		"6460",
		"993",
		"0",
		"40",
		"97",
		"0",
		"36",
		"131",
		"9",
		"1305"
	],
	"94127": [
		"5984",
		"355",
		"0",
		"0",
		"3582",
		"629",
		"0",
		"519",
		"201",
		"0",
		"16",
		"20",
		"63",
		"152"
	],
	"94128": [
		"0",
		"0",
		"0",
		"0",
		"0",
		"0",
		"0",
		"0",
		"0",
		"0",
		"0",
		"0",
		"0",
		"0"
	],
	"94129": [
		"250",
		"14",
		"0",
		"0",
		"40",
		"83",
		"0",
		"0",
		"102",
		"0",
		"0",
		"0",
		"0",
		"11"
	],
	"94130": [
		"480",
		"8",
		"0",
		"0",
		"236",
		"47",
		"40",
		"0",
		"22",
		"0",
		"0",
		"0",
		"8",
		"115"
	],
	"94131": [
		"4547",
		"390",
		"108",
		"0",
		"2287",
		"522",
		"0",
		"484",
		"172",
		"0",
		"35",
		"24",
		"17",
		"219"
	],
	"94132": [
		"12910",
		"689",
		"0",
		"22",
		"8705",
		"1634",
		"18",
		"431",
		"489",
		"0",
		"0",
		"13",
		"63",
		"425"
	],
	"94133": [
		"14716",
		"403",
		"0",
		"62",
		"12108",
		"740",
		"0",
		"149",
		"421",
		"10",
		"23",
		"12",
		"16",
		"398"
	],
	"94134": [
		"21991",
		"113",
		"0",
		"27",
		"15372",
		"4074",
		"0",
		"126",
		"140",
		"32",
		"87",
		"0",
		"96",
		"1340"
	],
	"94158": [
		"2209",
		"347",
		"0",
		"0",
		"1296",
		"122",
		"0",
		"148",
		"175",
		"0",
		"0",
		"0",
		"0",
		"35"
	],
	"94301": [
		"2418",
		"335",
		"0",
		"0",
		"1410",
		"48",
		"0",
		"167",
		"140",
		"0",
		"11",
		"26",
		"22",
		"174"
	],
	"94303": [
		"6779",
		"1097",
		"0",
		"20",
		"3617",
		"378",
		"0",
		"398",
		"728",
		"0",
		"33",
		"155",
		"0",
		"258"
	],
	"94304": [
		"951",
		"137",
		"0",
		"0",
		"189",
		"9",
		"0",
		"138",
		"362",
		"0",
		"0",
		"57",
		"0",
		"24"
	],
	"94305": [
		"3538",
		"646",
		"0",
		"12",
		"1551",
		"137",
		"7",
		"139",
		"555",
		"27",
		"25",
		"65",
		"36",
		"177"
	],
	"94306": [
		"7763",
		"980",
		"0",
		"0",
		"3666",
		"367",
		"0",
		"635",
		"1183",
		"0",
		"327",
		"156",
		"0",
		"171"
	],
	"94401": [
		"6328",
		"1003",
		"0",
		"0",
		"2428",
		"1534",
		"0",
		"658",
		"308",
		"14",
		"0",
		"9",
		"36",
		"87"
	],
	"94402": [
		"4926",
		"184",
		"0",
		"9",
		"2528",
		"611",
		"0",
		"729",
		"112",
		"0",
		"56",
		"208",
		"0",
		"97"
	],
	"94403": [
		"8403",
		"803",
		"0",
		"14",
		"3729",
		"1435",
		"0",
		"1254",
		"385",
		"0",
		"10",
		"75",
		"85",
		"127"
	],
	"94404": [
		"15227",
		"3347",
		"0",
		"0",
		"6912",
		"1752",
		"0",
		"1498",
		"635",
		"0",
		"143",
		"236",
		"28",
		"134"
	],
	"94501": [
		"18523",
		"706",
		"7",
		"97",
		"7246",
		"5091",
		"204",
		"545",
		"1000",
		"17",
		"6",
		"92",
		"131",
		"1906"
	],
	"94502": [
		"5871",
		"345",
		"0",
		"0",
		"3626",
		"364",
		"0",
		"421",
		"501",
		"0",
		"0",
		"0",
		"78",
		"204"
	],
	"94506": [
		"4946",
		"1200",
		"0",
		"58",
		"1853",
		"484",
		"0",
		"207",
		"545",
		"0",
		"85",
		"81",
		"0",
		"32"
	],
	"94507": [
		"986",
		"180",
		"0",
		"37",
		"341",
		"85",
		"0",
		"106",
		"115",
		"0",
		"0",
		"0",
		"0",
		"47"
	],
	"94509": [
		"4203",
		"480",
		"17",
		"20",
		"489",
		"2428",
		"92",
		"102",
		"66",
		"26",
		"0",
		"20",
		"87",
		"238"
	],
	"94510": [
		"2807",
		"126",
		"41",
		"0",
		"411",
		"1871",
		"0",
		"93",
		"75",
		"40",
		"0",
		"0",
		"8",
		"11"
	],
	"94512": [
		"0",
		"0",
		"0",
		"0",
		"0",
		"0",
		"0",
		"0",
		"0",
		"0",
		"0",
		"0",
		"0",
		"0"
	],
	"94513": [
		"4069",
		"243",
		"0",
		"150",
		"546",
		"2328",
		"0",
		"182",
		"52",
		"0",
		"0",
		"0",
		"14",
		"357"
	],
	"94516": [
		"0",
		"0",
		"0",
		"0",
		"0",
		"0",
		"0",
		"0",
		"0",
		"0",
		"0",
		"0",
		"0",
		"0"
	],
	"94517": [
		"708",
		"180",
		"0",
		"0",
		"281",
		"160",
		"0",
		"24",
		"48",
		"0",
		"0",
		"0",
		"0",
		"0"
	],
	"94518": [
		"3348",
		"459",
		"0",
		"53",
		"1138",
		"960",
		"0",
		"347",
		"152",
		"0",
		"0",
		"0",
		"0",
		"86"
	],
	"94519": [
		"1457",
		"183",
		"0",
		"0",
		"273",
		"785",
		"0",
		"91",
		"11",
		"0",
		"0",
		"0",
		"40",
		"65"
	],
	"94520": [
		"3453",
		"335",
		"0",
		"0",
		"579",
		"1409",
		"0",
		"111",
		"202",
		"12",
		"48",
		"52",
		"83",
		"514"
	],
	"94521": [
		"6317",
		"623",
		"0",
		"0",
		"1550",
		"2517",
		"0",
		"480",
		"323",
		"0",
		"84",
		"17",
		"0",
		"183"
	],
	"94523": [
		"4442",
		"309",
		"0",
		"15",
		"1380",
		"1141",
		"0",
		"388",
		"603",
		"0",
		"80",
		"0",
		"0",
		"402"
	],
	"94525": [
		"52",
		"0",
		"0",
		"0",
		"0",
		"17",
		"0",
		"27",
		"7",
		"0",
		"0",
		"0",
		"0",
		"1"
	],
	"94526": [
		"3425",
		"409",
		"0",
		"21",
		"1626",
		"751",
		"0",
		"182",
		"51",
		"0",
		"32",
		"0",
		"0",
		"271"
	],
	"94528": [
		"121",
		"0",
		"0",
		"0",
		"121",
		"0",
		"0",
		"0",
		"0",
		"0",
		"0",
		"0",
		"0",
		"0"
	],
	"94530": [
		"6030",
		"495",
		"0",
		"58",
		"2716",
		"646",
		"33",
		"654",
		"202",
		"53",
		"202",
		"138",
		"49",
		"156"
	],
	"94531": [
		"6497",
		"736",
		"0",
		"103",
		"941",
		"3583",
		"0",
		"155",
		"186",
		"132",
		"34",
		"76",
		"1",
		"350"
	],
	"94536": [
		"26911",
		"11138",
		"0",
		"18",
		"7137",
		"3882",
		"0",
		"812",
		"827",
		"83",
		"582",
		"277",
		"58",
		"1237"
	],
	"94538": [
		"25862",
		"10348",
		"94",
		"186",
		"5737",
		"4437",
		"0",
		"392",
		"646",
		"158",
		"599",
		"449",
		"106",
		"1121"
	],
	"94539": [
		"36274",
		"12572",
		"141",
		"53",
		"15472",
		"1297",
		"8",
		"479",
		"957",
		"0",
		"654",
		"1383",
		"30",
		"2284"
	],
	"94541": [
		"8387",
		"576",
		"0",
		"74",
		"1926",
		"3286",
		"0",
		"223",
		"444",
		"0",
		"38",
		"69",
		"39",
		"1150"
	],
	"94542": [
		"2952",
		"263",
		"10",
		"36",
		"1153",
		"723",
		"0",
		"176",
		"179",
		"6",
		"227",
		"42",
		"22",
		"89"
	],
	"94544": [
		"15716",
		"3059",
		"0",
		"236",
		"2780",
		"6507",
		"0",
		"246",
		"330",
		"19",
		"34",
		"16",
		"49",
		"1844"
	],
	"94545": [
		"11063",
		"1215",
		"0",
		"61",
		"1714",
		"6114",
		"6",
		"180",
		"82",
		"42",
		"71",
		"16",
		"18",
		"1141"
	],
	"94546": [
		"7370",
		"442",
		"0",
		"226",
		"3302",
		"1471",
		"0",
		"214",
		"730",
		"8",
		"0",
		"0",
		"72",
		"697"
	],
	"94547": [
		"10218",
		"1287",
		"0",
		"25",
		"1771",
		"5887",
		"0",
		"269",
		"228",
		"97",
		"68",
		"59",
		"14",
		"207"
	],
	"94549": [
		"2312",
		"47",
		"0",
		"31",
		"1104",
		"233",
		"0",
		"361",
		"332",
		"0",
		"0",
		"57",
		"13",
		"70"
	],
	"94550": [
		"4310",
		"910",
		"0",
		"0",
		"1021",
		"1297",
		"0",
		"219",
		"298",
		"0",
		"69",
		"0",
		"16",
		"340"
	],
	"94551": [
		"4331",
		"1012",
		"0",
		"12",
		"921",
		"1092",
		"120",
		"77",
		"79",
		"0",
		"143",
		"26",
		"123",
		"499"
	],
	"94552": [
		"6282",
		"604",
		"0",
		"0",
		"3775",
		"643",
		"0",
		"285",
		"337",
		"163",
		"0",
		"79",
		"13",
		"84"
	],
	"94553": [
		"3717",
		"484",
		"0",
		"0",
		"1073",
		"1350",
		"0",
		"318",
		"98",
		"17",
		"12",
		"0",
		"23",
		"56"
	],
	"94555": [
		"22485",
		"8949",
		"10",
		"99",
		"6147",
		"4613",
		"148",
		"217",
		"490",
		"0",
		"10",
		"258",
		"10",
		"746"
	],
	"94556": [
		"2615",
		"211",
		"29",
		"0",
		"1437",
		"98",
		"0",
		"331",
		"210",
		"0",
		"20",
		"93",
		"0",
		"30"
	],
	"94560": [
		"11514",
		"1706",
		"0",
		"118",
		"1716",
		"5203",
		"0",
		"313",
		"136",
		"0",
		"139",
		"76",
		"171",
		"1414"
	],
	"94561": [
		"2820",
		"266",
		"0",
		"0",
		"201",
		"1954",
		"0",
		"15",
		"44",
		"93",
		"0",
		"0",
		"0",
		"243"
	],
	"94563": [
		"2084",
		"153",
		"0",
		"0",
		"1347",
		"120",
		"0",
		"229",
		"86",
		"0",
		"9",
		"12",
		"12",
		"0"
	],
	"94564": [
		"4682",
		"374",
		"0",
		"52",
		"983",
		"1807",
		"7",
		"126",
		"137",
		"411",
		"167",
		"0",
		"9",
		"431"
	],
	"94565": [
		"11033",
		"1109",
		"11",
		"61",
		"817",
		"6710",
		"0",
		"118",
		"469",
		"12",
		"49",
		"24",
		"50",
		"1160"
	],
	"94566": [
		"9007",
		"2796",
		"0",
		"0",
		"2776",
		"798",
		"0",
		"462",
		"1070",
		"0",
		"87",
		"175",
		"13",
		"478"
	],
	"94568": [
		"13244",
		"2926",
		"146",
		"140",
		"3347",
		"3348",
		"0",
		"576",
		"975",
		"29",
		"170",
		"231",
		"187",
		"644"
	],
	"94569": [
		"11",
		"0",
		"0",
		"0",
		"0",
		"11",
		"0",
		"0",
		"0",
		"0",
		"0",
		"0",
		"0",
		"0"
	],
	"94571": [
		"590",
		"33",
		"0",
		"54",
		"141",
		"269",
		"0",
		"77",
		"16",
		"0",
		"0",
		"0",
		"0",
		"0"
	],
	"94572": [
		"1968",
		"471",
		"0",
		"0",
		"78",
		"1143",
		"0",
		"20",
		"0",
		"140",
		"0",
		"0",
		"0",
		"109"
	],
	"94575": [
		"82",
		"28",
		"0",
		"0",
		"10",
		"14",
		"0",
		"0",
		"7",
		"0",
		"0",
		"0",
		"0",
		"14"
	],
	"94577": [
		"11394",
		"451",
		"56",
		"14",
		"4601",
		"3426",
		"0",
		"196",
		"402",
		"261",
		"0",
		"26",
		"0",
		"1652"
	],
	"94578": [
		"8569",
		"446",
		"0",
		"82",
		"4107",
		"2344",
		"2",
		"180",
		"191",
		"157",
		"46",
		"16",
		"22",
		"786"
	],
	"94579": [
		"8864",
		"32",
		"0",
		"154",
		"5133",
		"2052",
		"0",
		"461",
		"7",
		"0",
		"0",
		"0",
		"9",
		"881"
	],
	"94580": [
		"7315",
		"396",
		"0",
		"135",
		"2692",
		"2839",
		"0",
		"96",
		"90",
		"8",
		"0",
		"0",
		"25",
		"808"
	],
	"94582": [
		"19545",
		"6540",
		"0",
		"0",
		"6089",
		"2329",
		"0",
		"411",
		"2203",
		"0",
		"392",
		"364",
		"41",
		"287"
	],
	"94583": [
		"9448",
		"3226",
		"25",
		"0",
		"2820",
		"1567",
		"0",
		"576",
		"358",
		"0",
		"49",
		"52",
		"123",
		"150"
	],
	"94585": [
		"6037",
		"426",
		"0",
		"0",
		"234",
		"4026",
		"0",
		"182",
		"42",
		"258",
		"0",
		"7",
		"136",
		"563"
	],
	"94586": [
		"60",
		"0",
		"0",
		"0",
		"22",
		"12",
		"0",
		"8",
		"3",
		"0",
		"0",
		"0",
		"0",
		"3"
	],
	"94587": [
		"37074",
		"8539",
		"0",
		"336",
		"7966",
		"14536",
		"83",
		"351",
		"756",
		"77",
		"164",
		"100",
		"76",
		"2175"
	],
	"94588": [
		"9420",
		"4169",
		"0",
		"0",
		"2525",
		"702",
		"0",
		"167",
		"1064",
		"0",
		"90",
		"44",
		"47",
		"194"
	],
	"94590": [
		"4042",
		"175",
		"0",
		"36",
		"221",
		"3459",
		"0",
		"63",
		"24",
		"0",
		"0",
		"0",
		"12",
		"29"
	],
	"94591": [
		"16358",
		"1584",
		"0",
		"0",
		"705",
		"12549",
		"69",
		"197",
		"250",
		"137",
		"33",
		"9",
		"0",
		"499"
	],
	"94592": [
		"94",
		"11",
		"0",
		"0",
		"18",
		"51",
		"0",
		"7",
		"7",
		"0",
		"0",
		"0",
		"0",
		"0"
	],
	"94595": [
		"1577",
		"367",
		"0",
		"0",
		"567",
		"95",
		"0",
		"156",
		"281",
		"0",
		"0",
		"17",
		"0",
		"25"
	],
	"94596": [
		"2550",
		"406",
		"0",
		"0",
		"624",
		"356",
		"0",
		"159",
		"338",
		"0",
		"28",
		"129",
		"21",
		"268"
	],
	"94597": [
		"2823",
		"715",
		"0",
		"26",
		"537",
		"665",
		"0",
		"119",
		"334",
		"0",
		"91",
		"29",
		"13",
		"149"
	],
	"94598": [
		"3419",
		"365",
		"0",
		"0",
		"1643",
		"555",
		"0",
		"130",
		"415",
		"0",
		"0",
		"0",
		"139",
		"11"
	],
	"94601": [
		"9322",
		"233",
		"0",
		"779",
		"3485",
		"1621",
		"1",
		"95",
		"101",
		"978",
		"0",
		"23",
		"11",
		"1571"
	],
	"94602": [
		"6045",
		"453",
		"0",
		"13",
		"3237",
		"610",
		"23",
		"248",
		"248",
		"66",
		"0",
		"20",
		"63",
		"682"
	],
	"94603": [
		"2092",
		"34",
		"0",
		"324",
		"512",
		"390",
		"0",
		"46",
		"0",
		"89",
		"0",
		"0",
		"78",
		"530"
	],
	"94605": [
		"2583",
		"235",
		"0",
		"374",
		"1104",
		"403",
		"0",
		"191",
		"12",
		"0",
		"0",
		"109",
		"0",
		"136"
	],
	"94606": [
		"14478",
		"78",
		"0",
		"452",
		"8469",
		"790",
		"0",
		"207",
		"212",
		"793",
		"13",
		"50",
		"41",
		"2434"
	],
	"94607": [
		"6540",
		"124",
		"0",
		"105",
		"5081",
		"398",
		"5",
		"138",
		"339",
		"0",
		"27",
		"14",
		"0",
		"260"
	],
	"94608": [
		"4264",
		"680",
		"0",
		"165",
		"1173",
		"807",
		"0",
		"177",
		"548",
		"20",
		"151",
		"75",
		"0",
		"158"
	],
	"94609": [
		"1819",
		"113",
		"0",
		"9",
		"687",
		"381",
		"0",
		"141",
		"182",
		"14",
		"3",
		"0",
		"38",
		"167"
	],
	"94610": [
		"4272",
		"174",
		"0",
		"28",
		"2305",
		"572",
		"0",
		"253",
		"364",
		"105",
		"0",
		"24",
		"17",
		"96"
	],
	"94611": [
		"5864",
		"380",
		"0",
		"41",
		"2961",
		"567",
		"0",
		"728",
		"522",
		"18",
		"42",
		"68",
		"21",
		"132"
	],
	"94612": [
		"3756",
		"148",
		"0",
		"0",
		"2447",
		"299",
		"0",
		"35",
		"167",
		"124",
		"23",
		"38",
		"56",
		"163"
	],
	"94613": [
		"328",
		"23",
		"0",
		"0",
		"134",
		"18",
		"0",
		"28",
		"30",
		"0",
		"43",
		"0",
		"0",
		"43"
	],
	"94618": [
		"2308",
		"141",
		"0",
		"11",
		"1097",
		"256",
		"0",
		"243",
		"155",
		"0",
		"29",
		"126",
		"7",
		"137"
	],
	"94619": [
		"4559",
		"230",
		"0",
		"267",
		"2355",
		"461",
		"0",
		"321",
		"129",
		"265",
		"44",
		"0",
		"0",
		"220"
	],
	"94621": [
		"1545",
		"167",
		"0",
		"196",
		"380",
		"329",
		"0",
		"0",
		"0",
		"82",
		"0",
		"0",
		"0",
		"349"
	],
	"94702": [
		"2596",
		"213",
		"0",
		"32",
		"899",
		"158",
		"0",
		"481",
		"137",
		"4",
		"95",
		"51",
		"99",
		"246"
	],
	"94703": [
		"3043",
		"317",
		"0",
		"35",
		"880",
		"628",
		"56",
		"376",
		"79",
		"35",
		"50",
		"35",
		"20",
		"328"
	],
	"94704": [
		"9633",
		"1061",
		"0",
		"0",
		"4704",
		"660",
		"31",
		"321",
		"1458",
		"0",
		"106",
		"321",
		"195",
		"444"
	],
	"94705": [
		"1317",
		"197",
		"0",
		"0",
		"517",
		"61",
		"0",
		"190",
		"185",
		"1",
		"16",
		"29",
		"35",
		"27"
	],
	"94706": [
		"5278",
		"274",
		"0",
		"0",
		"2636",
		"351",
		"0",
		"466",
		"695",
		"8",
		"11",
		"217",
		"129",
		"108"
	],
	"94707": [
		"1398",
		"356",
		"0",
		"22",
		"558",
		"81",
		"0",
		"262",
		"54",
		"0",
		"0",
		"0",
		"11",
		"0"
	],
	"94708": [
		"1039",
		"189",
		"0",
		"0",
		"370",
		"89",
		"0",
		"235",
		"95",
		"0",
		"0",
		"19",
		"0",
		"9"
	],
	"94709": [
		"3221",
		"642",
		"5",
		"9",
		"1300",
		"206",
		"0",
		"318",
		"336",
		"0",
		"10",
		"144",
		"7",
		"121"
	],
	"94710": [
		"508",
		"121",
		"0",
		"0",
		"102",
		"46",
		"0",
		"43",
		"72",
		"0",
		"31",
		"4",
		"12",
		"57"
	],
	"94720": [
		"1239",
		"91",
		"13",
		"8",
		"675",
		"39",
		"0",
		"62",
		"156",
		"0",
		"32",
		"49",
		"0",
		"55"
	],
	"94801": [
		"2043",
		"167",
		"0",
		"72",
		"261",
		"593",
		"0",
		"112",
		"15",
		"725",
		"1",
		"0",
		"4",
		"26"
	],
	"94803": [
		"4697",
		"833",
		"0",
		"20",
		"1405",
		"1235",
		"0",
		"284",
		"320",
		"148",
		"74",
		"36",
		"99",
		"86"
	],
	"94804": [
		"5009",
		"597",
		"0",
		"17",
		"1525",
		"720",
		"0",
		"146",
		"144",
		"855",
		"142",
		"0",
		"207",
		"113"
	],
	"94805": [
		"2448",
		"101",
		"0",
		"20",
		"1369",
		"438",
		"0",
		"60",
		"0",
		"171",
		"0",
		"0",
		"37",
		"143"
	],
	"94806": [
		"10422",
		"707",
		"0",
		"6",
		"2379",
		"3425",
		"0",
		"195",
		"105",
		"1391",
		"17",
		"66",
		"9",
		"1631"
	],
	"94850": [
		"0",
		"0",
		"0",
		"0",
		"0",
		"0",
		"0",
		"0",
		"0",
		"0",
		"0",
		"0",
		"0",
		"0"
	],
	"94901": [
		"2008",
		"119",
		"0",
		"15",
		"368",
		"215",
		"0",
		"202",
		"319",
		"28",
		"0",
		"27",
		"0",
		"581"
	],
	"94903": [
		"2737",
		"401",
		"0",
		"24",
		"256",
		"441",
		"0",
		"247",
		"257",
		"0",
		"296",
		"0",
		"72",
		"63"
	],
	"94904": [
		"423",
		"33",
		"0",
		"0",
		"94",
		"68",
		"0",
		"133",
		"42",
		"0",
		"0",
		"0",
		"37",
		"0"
	],
	"94920": [
		"478",
		"52",
		"0",
		"0",
		"324",
		"21",
		"0",
		"78",
		"3",
		"0",
		"0",
		"0",
		"0",
		"0"
	],
	"94924": [
		"9",
		"0",
		"0",
		"0",
		"0",
		"9",
		"0",
		"0",
		"0",
		"0",
		"0",
		"0",
		"0",
		"0"
	],
	"94925": [
		"1014",
		"41",
		"0",
		"11",
		"347",
		"85",
		"0",
		"487",
		"13",
		"0",
		"0",
		"0",
		"0",
		"0"
	],
	"94930": [
		"209",
		"0",
		"0",
		"0",
		"32",
		"82",
		"0",
		"33",
		"9",
		"0",
		"0",
		"0",
		"0",
		"0"
	],
	"94933": [
		"0",
		"0",
		"0",
		"0",
		"0",
		"0",
		"0",
		"0",
		"0",
		"0",
		"0",
		"0",
		"0",
		"0"
	],
	"94937": [
		"11",
		"0",
		"0",
		"0",
		"0",
		"11",
		"0",
		"0",
		"0",
		"0",
		"0",
		"0",
		"0",
		"0"
	],
	"94938": [
		"21",
		"0",
		"0",
		"0",
		"0",
		"0",
		"0",
		"21",
		"0",
		"0",
		"0",
		"0",
		"0",
		"0"
	],
	"94939": [
		"240",
		"88",
		"0",
		"0",
		"35",
		"15",
		"0",
		"56",
		"46",
		"0",
		"0",
		"0",
		"0",
		"0"
	],
	"94941": [
		"2275",
		"469",
		"0",
		"0",
		"420",
		"152",
		"0",
		"662",
		"377",
		"0",
		"0",
		"0",
		"42",
		"76"
	],
	"94945": [
		"1084",
		"97",
		"16",
		"111",
		"444",
		"179",
		"0",
		"44",
		"46",
		"22",
		"0",
		"11",
		"0",
		"69"
	],
	"94946": [
		"14",
		"0",
		"0",
		"0",
		"0",
		"0",
		"0",
		"14",
		"0",
		"0",
		"0",
		"0",
		"0",
		"0"
	],
	"94947": [
		"1435",
		"271",
		"0",
		"11",
		"239",
		"358",
		"0",
		"276",
		"79",
		"0",
		"0",
		"14",
		"22",
		"110"
	],
	"94949": [
		"912",
		"5",
		"0",
		"21",
		"561",
		"145",
		"0",
		"36",
		"40",
		"38",
		"0",
		"0",
		"0",
		"36"
	],
	"94950": [
		"0",
		"0",
		"0",
		"0",
		"0",
		"0",
		"0",
		"0",
		"0",
		"0",
		"0",
		"0",
		"0",
		"0"
	],
	"94956": [
		"22",
		"0",
		"0",
		"0",
		"22",
		"0",
		"0",
		"0",
		"0",
		"0",
		"0",
		"0",
		"0",
		"0"
	],
	"94957": [
		"22",
		"0",
		"0",
		"0",
		"18",
		"0",
		"0",
		"0",
		"0",
		"0",
		"0",
		"0",
		"0",
		"0"
	],
	"94960": [
		"679",
		"168",
		"0",
		"0",
		"313",
		"78",
		"0",
		"41",
		"34",
		"0",
		"0",
		"0",
		"0",
		"14"
	],
	"94963": [
		"0",
		"0",
		"0",
		"0",
		"0",
		"0",
		"0",
		"0",
		"0",
		"0",
		"0",
		"0",
		"0",
		"0"
	],
	"94964": [
		"197",
		"0",
		"0",
		"6",
		"10",
		"115",
		"0",
		"15",
		"0",
		"0",
		"2",
		"0",
		"0",
		"39"
	],
	"94965": [
		"496",
		"108",
		"0",
		"0",
		"125",
		"21",
		"0",
		"106",
		"13",
		"0",
		"0",
		"35",
		"18",
		"38"
	],
	"94970": [
		"17",
		"0",
		"0",
		"0",
		"0",
		"0",
		"0",
		"17",
		"0",
		"0",
		"0",
		"0",
		"0",
		"0"
	],
	"94973": [
		"34",
		"0",
		"0",
		"0",
		"0",
		"0",
		"0",
		"15",
		"0",
		"0",
		"0",
		"0",
		"19",
		"0"
	],
	"95002": [
		"212",
		"27",
		"0",
		"0",
		"90",
		"69",
		"0",
		"0",
		"0",
		"0",
		"0",
		"0",
		"0",
		"7"
	],
	"95006": [
		"119",
		"0",
		"0",
		"0",
		"31",
		"18",
		"0",
		"32",
		"21",
		"0",
		"0",
		"0",
		"0",
		"17"
	],
	"95008": [
		"7372",
		"1319",
		"6",
		"25",
		"2028",
		"787",
		"0",
		"972",
		"566",
		"0",
		"49",
		"304",
		"24",
		"952"
	],
	"95014": [
		"39124",
		"14706",
		"48",
		"93",
		"15866",
		"787",
		"0",
		"1685",
		"2954",
		"0",
		"510",
		"779",
		"78",
		"606"
	],
	"95030": [
		"955",
		"214",
		"0",
		"0",
		"321",
		"33",
		"0",
		"159",
		"64",
		"0",
		"0",
		"7",
		"0",
		"61"
	],
	"95032": [
		"3459",
		"730",
		"0",
		"0",
		"869",
		"129",
		"0",
		"520",
		"591",
		"0",
		"0",
		"104",
		"0",
		"428"
	],
	"95033": [
		"395",
		"142",
		"0",
		"0",
		"97",
		"13",
		"0",
		"79",
		"25",
		"0",
		"7",
		"0",
		"10",
		"13"
	],
	"95035": [
		"42100",
		"6634",
		"51",
		"71",
		"8849",
		"12159",
		"12",
		"581",
		"549",
		"107",
		"736",
		"285",
		"57",
		"10447"
	],
	"95050": [
		"8168",
		"2545",
		"0",
		"104",
		"1520",
		"1226",
		"17",
		"563",
		"366",
		"168",
		"301",
		"245",
		"0",
		"711"
	],
	"95051": [
		"22057",
		"8352",
		"127",
		"22",
		"4518",
		"2258",
		"29",
		"1246",
		"2156",
		"11",
		"567",
		"234",
		"37",
		"2032"
	],
	"95053": [
		"388",
		"84",
		"0",
		"0",
		"73",
		"42",
		"8",
		"64",
		"12",
		"0",
		"0",
		"12",
		"0",
		"47"
	],
	"95054": [
		"13841",
		"4939",
		"66",
		"0",
		"2239",
		"3059",
		"0",
		"213",
		"676",
		"0",
		"271",
		"207",
		"47",
		"1389"
	],
	"95070": [
		"13606",
		"4345",
		"46",
		"0",
		"6246",
		"229",
		"0",
		"703",
		"799",
		"0",
		"133",
		"492",
		"8",
		"560"
	],
	"95110": [
		"1904",
		"411",
		"0",
		"0",
		"201",
		"557",
		"0",
		"190",
		"73",
		"12",
		"50",
		"29",
		"83",
		"100"
	],
	"95111": [
		"20840",
		"842",
		"0",
		"402",
		"1050",
		"1760",
		"4",
		"266",
		"99",
		"124",
		"45",
		"10",
		"10",
		"15610"
	],
	"95112": [
		"12692",
		"1321",
		"0",
		"78",
		"2262",
		"1871",
		"0",
		"931",
		"581",
		"18",
		"46",
		"155",
		"0",
		"4959"
	],
	"95113": [
		"266",
		"8",
		"18",
		"0",
		"178",
		"11",
		"0",
		"29",
		"0",
		"0",
		"0",
		"0",
		"0",
		"17"
	],
	"95116": [
		"12238",
		"723",
		"0",
		"273",
		"1606",
		"4412",
		"0",
		"102",
		"189",
		"11",
		"6",
		"47",
		"31",
		"4540"
	],
	"95117": [
		"7002",
		"1104",
		"0",
		"61",
		"1470",
		"1188",
		"11",
		"681",
		"1126",
		"64",
		"107",
		"83",
		"0",
		"869"
	],
	"95118": [
		"4553",
		"440",
		"0",
		"51",
		"1322",
		"832",
		"0",
		"723",
		"390",
		"0",
		"0",
		"50",
		"6",
		"573"
	],
	"95119": [
		"2309",
		"744",
		"0",
		"0",
		"335",
		"198",
		"0",
		"149",
		"66",
		"0",
		"0",
		"7",
		"0",
		"653"
	],
	"95120": [
		"11569",
		"2163",
		"0",
		"0",
		"4721",
		"266",
		"0",
		"791",
		"2056",
		"0",
		"0",
		"482",
		"16",
		"540"
	],
	"95121": [
		"20094",
		"2137",
		"0",
		"208",
		"1965",
		"3030",
		"0",
		"199",
		"307",
		"0",
		"0",
		"111",
		"238",
		"10791"
	],
	"95122": [
		"19111",
		"688",
		"0",
		"1022",
		"1124",
		"4268",
		"135",
		"97",
		"40",
		"245",
		"50",
		"14",
		"52",
		"10734"
	],
	"95123": [
		"10981",
		"1467",
		"0",
		"178",
		"2049",
		"2127",
		"69",
		"636",
		"733",
		"46",
		"72",
		"70",
		"32",
		"3132"
	],
	"95124": [
		"7014",
		"1171",
		"0",
		"0",
		"1706",
		"879",
		"0",
		"1011",
		"826",
		"19",
		"0",
		"186",
		"15",
		"916"
	],
	"95125": [
		"7031",
		"1819",
		"0",
		"0",
		"1620",
		"1352",
		"0",
		"782",
		"308",
		"0",
		"0",
		"30",
		"88",
		"764"
	],
	"95126": [
		"4871",
		"921",
		"0",
		"0",
		"1018",
		"1131",
		"0",
		"429",
		"347",
		"62",
		"0",
		"56",
		"25",
		"684"
	],
	"95127": [
		"14771",
		"560",
		"0",
		"236",
		"1556",
		"5185",
		"0",
		"302",
		"144",
		"140",
		"58",
		"199",
		"67",
		"6105"
	],
	"95128": [
		"5986",
		"892",
		"0",
		"73",
		"1403",
		"1347",
		"0",
		"452",
		"480",
		"0",
		"30",
		"135",
		"0",
		"874"
	],
	"95129": [
		"23995",
		"6719",
		"0",
		"0",
		"10628",
		"978",
		"0",
		"1569",
		"1872",
		"0",
		"65",
		"1203",
		"0",
		"497"
	],
	"95130": [
		"3500",
		"499",
		"0",
		"0",
		"1197",
		"362",
		"0",
		"470",
		"209",
		"0",
		"77",
		"98",
		"32",
		"445"
	],
	"95131": [
		"20202",
		"2915",
		"0",
		"158",
		"7584",
		"3634",
		"0",
		"151",
		"209",
		"28",
		"172",
		"499",
		"8",
		"4495"
	],
	"95132": [
		"25095",
		"2322",
		"0",
		"185",
		"5588",
		"5036",
		"0",
		"499",
		"388",
		"50",
		"240",
		"341",
		"45",
		"9637"
	],
	"95133": [
		"15897",
		"1723",
		"0",
		"273",
		"2149",
		"4447",
		"0",
		"211",
		"142",
		"76",
		"0",
		"115",
		"8",
		"6055"
	],
	"95134": [
		"7533",
		"3409",
		"0",
		"0",
		"1608",
		"425",
		"0",
		"354",
		"613",
		"0",
		"39",
		"75",
		"31",
		"837"
	],
	"95135": [
		"11181",
		"3722",
		"0",
		"98",
		"2515",
		"1585",
		"0",
		"163",
		"203",
		"36",
		"23",
		"124",
		"12",
		"2378"
	],
	"95136": [
		"12261",
		"2631",
		"11",
		"52",
		"1341",
		"2597",
		"0",
		"722",
		"560",
		"11",
		"78",
		"68",
		"58",
		"3709"
	],
	"95138": [
		"8967",
		"2673",
		"0",
		"99",
		"1511",
		"1542",
		"41",
		"225",
		"333",
		"10",
		"0",
		"0",
		"60",
		"1979"
	],
	"95139": [
		"1075",
		"85",
		"0",
		"0",
		"140",
		"153",
		"0",
		"36",
		"33",
		"9",
		"88",
		"0",
		"0",
		"492"
	],
	"95140": [
		"0",
		"0",
		"0",
		"0",
		"0",
		"0",
		"0",
		"0",
		"0",
		"0",
		"0",
		"0",
		"0",
		"0"
	],
	"95148": [
		"26379",
		"4188",
		"60",
		"534",
		"3339",
		"5135",
		"10",
		"361",
		"260",
		"305",
		"395",
		"28",
		"39",
		"10828"
	]
}